Monument,Day,Month,Time,Holiday,Weather,Festival_Events,Visitor_Count,Rush_Status,Rush_Day_Overall,Rush_Reason
"Hampi, Karnataka",Thursday,1,08:00,Yes,Cold,Christmas,4943,Rush Day,No,"Holiday, Festival, Bad Weather"
Khajuraho Temples,Sunday,3,09:00,No,Cloudy,Christmas,6193,Rush Day,Yes,"Weekend, Festival"
"Bara Imambara, Lucknow",Tuesday,11,08:00,Yes,Hot,Diwali,3892,Normal Day,No,"Holiday, Festival"
Ajanta & Ellora Caves,Friday,4,09:00,Yes,Hot,Christmas,5343,Rush Day,No,"Holiday, Festival"
"Basilica of Bom Jesu, Goa",Tuesday,2,08:00,Yes,Rainy,Diwali,6331,Rush Day,No,"Holiday, Festival, Bad Weather"
"Meenakshi Temple, Madurai",Sunday,11,11:00,Yes,Cold,Eid,5773,Rush Day,Yes,"Weekend, Holiday, Festival, Bad Weather"
"Lotus Temple, Delhi",Saturday,11,18:00,Yes,Hot,Holi,6401,Rush Day,Yes,"Weekend, Holiday, Festival"
"Kamakhya Temple, Guwahati",Wednesday,7,13:00,No,Rainy,Holi,4594,Rush Day,No,"Festival, Bad Weather"
"Humayun's Tomb, Delhi",Sunday,7,08:00,Yes,Hot,Navratri,5545,Rush Day,Yes,"Weekend, Holiday, Festival"
"City Palace, Udaipur",Friday,1,09:00,No,Cloudy,Christmas,5339,Rush Day,No,Festival
Fatehpur Sikri,Tuesday,8,08:00,Yes,Hot,Diwali,3700,Normal Day,No,"Holiday, Festival"
"Humayun's Tomb, Delhi",Sunday,8,10:00,Yes,Cold,Christmas,7209,Rush Day,Yes,"Weekend, Holiday, Festival, Bad Weather"
"Meenakshi Temple, Madurai",Saturday,7,08:00,Yes,Cloudy,Navratri,7785,Rush Day,Yes,"Weekend, Holiday, Festival"
"City Palace, Udaipur",Saturday,3,20:00,No,Hot,None,2880,Normal Day,Yes,Weekend
"Kashi Vishwanath Temple, Varanasi",Friday,9,18:00,No,Rainy,Eid,3545,Normal Day,No,"Festival, Bad Weather"
"India Gate, New Delhi",Tuesday,12,12:00,No,Cloudy,None,2312,Normal Day,No,None
"Rashtrapati Bhawan, Delhi",Sunday,8,18:00,Yes,Sunny,Christmas,7189,Rush Day,Yes,"Weekend, Holiday, Festival, Good Weather"
Sanchi Stupa,Monday,4,20:00,No,Rainy,Navratri,4077,Rush Day,No,"Festival, Bad Weather"
"Golconda Fort, Hyderabad",Monday,5,12:00,No,Cloudy,Eid,4388,Rush Day,No,Festival
"Lotus Temple, Delhi",Thursday,2,20:00,No,Rainy,Navratri,5457,Rush Day,No,"Festival, Bad Weather"
"Basilica of Bom Jesu, Goa",Saturday,12,18:00,Yes,Hot,Eid,7763,Rush Day,Yes,"Weekend, Holiday, Festival"
Elephanta Caves,Friday,10,16:00,No,Cloudy,Holi,5948,Rush Day,No,Festival
Gwalior Fort,Monday,10,18:00,Yes,Cloudy,Holi,6234,Rush Day,No,"Holiday, Festival"
"Bara Imambara, Lucknow",Saturday,4,12:00,No,Cold,Holi,5402,Rush Day,Yes,"Weekend, Festival, Bad Weather"
"Hawa Mahal, Jaipur",Sunday,10,13:00,No,Cold,Navratri,6532,Rush Day,Yes,"Weekend, Festival, Bad Weather"
"Hampi, Karnataka",Monday,4,18:00,No,Rainy,Diwali,2084,Normal Day,No,"Festival, Bad Weather"
"Hampi, Karnataka",Thursday,11,17:00,No,Sunny,Holi,4372,Rush Day,No,"Festival, Good Weather"
Ajanta & Ellora Caves,Thursday,1,16:00,No,Hot,None,2132,Normal Day,No,None
"Taj Mahal, Agra",Monday,7,11:00,Yes,Cold,None,3574,Normal Day,No,"Holiday, Bad Weather"
"Kamakhya Temple, Guwahati",Saturday,3,14:00,Yes,Cold,Eid,7387,Rush Day,Yes,"Weekend, Holiday, Festival, Bad Weather"
"Red Fort, Delhi",Tuesday,7,08:00,Yes,Sunny,Pongal,6581,Rush Day,No,"Holiday, Festival, Good Weather"
"Jama Masjid, Delhi",Monday,9,18:00,No,Cold,Pongal,4024,Rush Day,No,"Festival, Bad Weather"
Khajuraho Temples,Friday,8,13:00,No,Sunny,Holi,3731,Normal Day,No,"Festival, Good Weather"
"Golden Temple, Amritsar",Friday,2,17:00,No,Sunny,Holi,6471,Rush Day,No,"Festival, Good Weather"
"Lotus Temple, Delhi",Sunday,12,13:00,Yes,Cloudy,Holi,8258,Rush Day,Yes,"Weekend, Holiday, Festival"
Khajuraho Temples,Wednesday,4,14:00,No,Cloudy,Eid,4940,Rush Day,No,Festival
"Hawa Mahal, Jaipur",Thursday,10,14:00,Yes,Cold,Navratri,5943,Rush Day,No,"Holiday, Festival, Bad Weather"
Agra Fort,Tuesday,3,15:00,Yes,Sunny,None,2189,Normal Day,No,"Holiday, Good Weather"
"Dilwara Temples, Mount Abu",Saturday,7,09:00,Yes,Hot,Christmas,8143,Rush Day,Yes,"Weekend, Holiday, Festival"
"Victoria Memorial, Kolkata",Saturday,3,10:00,Yes,Hot,None,3278,Normal Day,Yes,"Weekend, Holiday"
"Humayun's Tomb, Delhi",Wednesday,10,20:00,Yes,Rainy,Diwali,6591,Rush Day,No,"Holiday, Festival, Bad Weather"
"Charminar, Hyderabad",Wednesday,1,12:00,No,Hot,Navratri,4566,Rush Day,No,Festival
"Taj Mahal, Agra",Saturday,2,13:00,No,Sunny,Navratri,6998,Rush Day,Yes,"Weekend, Festival, Good Weather"
"Dilwara Temples, Mount Abu",Saturday,11,20:00,No,Cold,Navratri,5544,Rush Day,Yes,"Weekend, Festival, Bad Weather"
"Victoria Memorial, Kolkata",Thursday,8,16:00,Yes,Rainy,Eid,3723,Normal Day,No,"Holiday, Festival, Bad Weather"
"Amer Fort, Jaipur",Saturday,8,20:00,Yes,Hot,Eid,6042,Rush Day,Yes,"Weekend, Holiday, Festival"
"Lotus Temple, Delhi",Thursday,3,08:00,No,Hot,Navratri,4550,Rush Day,No,Festival
"Victoria Memorial, Kolkata",Monday,11,18:00,Yes,Cloudy,Diwali,5676,Rush Day,No,"Holiday, Festival"
"Rashtrapati Bhawan, Delhi",Thursday,7,12:00,No,Rainy,Christmas,4517,Rush Day,No,"Festival, Bad Weather"
"India Gate, New Delhi",Saturday,10,16:00,No,Rainy,Eid,4797,Rush Day,Yes,"Weekend, Festival, Bad Weather"
Elephanta Caves,Tuesday,11,20:00,No,Hot,Holi,4941,Rush Day,No,Festival
"Kashi Vishwanath Temple, Varanasi",Tuesday,6,14:00,No,Cold,Eid,3157,Normal Day,No,"Festival, Bad Weather"
"Jama Masjid, Delhi",Sunday,4,11:00,No,Hot,Diwali,8306,Rush Day,Yes,"Weekend, Festival"
"Victoria Memorial, Kolkata",Tuesday,7,15:00,Yes,Cold,Holi,4377,Rush Day,No,"Holiday, Festival, Bad Weather"
"Qutub Minar, Delhi",Monday,7,20:00,No,Sunny,Holi,4008,Rush Day,No,"Festival, Good Weather"
Fatehpur Sikri,Wednesday,10,08:00,No,Hot,None,1856,Normal Day,No,None
"Amer Fort, Jaipur",Monday,8,15:00,No,Cloudy,Pongal,2971,Normal Day,No,Festival
"Charminar, Hyderabad",Thursday,11,15:00,Yes,Hot,Christmas,7878,Rush Day,No,"Holiday, Festival"
"Sun Temple, Konark",Thursday,11,20:00,No,Sunny,Christmas,5408,Rush Day,No,"Festival, Good Weather"
"Red Fort, Delhi",Wednesday,10,09:00,No,Rainy,Pongal,3688,Normal Day,No,"Festival, Bad Weather"
"Jantar Mantar, Jaipur",Monday,3,18:00,Yes,Cold,None,2930,Normal Day,No,"Holiday, Bad Weather"
"Meenakshi Temple, Madurai",Thursday,10,11:00,No,Cold,Navratri,2206,Normal Day,No,"Festival, Bad Weather"
"Golden Temple, Amritsar",Friday,3,19:00,No,Sunny,Christmas,5173,Rush Day,No,"Festival, Good Weather"
Sanchi Stupa,Monday,8,12:00,No,Cloudy,Eid,4598,Rush Day,No,Festival
"Kashi Vishwanath Temple, Varanasi",Saturday,8,11:00,No,Cloudy,Diwali,6122,Rush Day,Yes,"Weekend, Festival"
Ajanta & Ellora Caves,Monday,5,15:00,Yes,Hot,Navratri,6204,Rush Day,No,"Holiday, Festival"
"Amer Fort, Jaipur",Sunday,9,09:00,Yes,Rainy,Diwali,8627,Rush Day,Yes,"Weekend, Holiday, Festival, Bad Weather"
Jaisalmer Fort,Saturday,11,20:00,Yes,Hot,None,5530,Rush Day,Yes,"Weekend, Holiday"
Khajuraho Temples,Sunday,5,19:00,Yes,Sunny,Navratri,8488,Rush Day,Yes,"Weekend, Holiday, Festival, Good Weather"
"Meenakshi Temple, Madurai",Monday,8,20:00,Yes,Cold,None,2021,Normal Day,No,"Holiday, Bad Weather"
Mysore Palace,Monday,11,13:00,Yes,Cold,Christmas,4150,Rush Day,No,"Holiday, Festival, Bad Weather"
"Jama Masjid, Delhi",Thursday,10,08:00,No,Hot,Eid,5367,Rush Day,No,Festival
"Jantar Mantar, Jaipur",Wednesday,6,13:00,Yes,Sunny,Navratri,5708,Rush Day,No,"Holiday, Festival, Good Weather"
"Kashi Vishwanath Temple, Varanasi",Wednesday,1,14:00,Yes,Sunny,Holi,5937,Rush Day,No,"Holiday, Festival, Good Weather"
Sanchi Stupa,Wednesday,3,14:00,Yes,Cold,Holi,4325,Rush Day,No,"Holiday, Festival, Bad Weather"
"Humayun's Tomb, Delhi",Sunday,9,14:00,Yes,Cold,Navratri,7910,Rush Day,Yes,"Weekend, Holiday, Festival, Bad Weather"
"Charminar, Hyderabad",Sunday,3,18:00,No,Hot,Holi,7601,Rush Day,Yes,"Weekend, Festival"
"Golconda Fort, Hyderabad",Friday,12,12:00,Yes,Hot,Pongal,4281,Rush Day,No,"Holiday, Festival"
"Red Fort, Delhi",Friday,6,14:00,No,Hot,Navratri,4562,Rush Day,No,Festival
"Mahabodhi Temple, Bodh Gaya",Thursday,7,10:00,No,Sunny,Diwali,4005,Rush Day,No,"Festival, Good Weather"
"Gateway of India, Mumbai",Wednesday,11,09:00,Yes,Cold,None,2229,Normal Day,No,"Holiday, Bad Weather"
Jaisalmer Fort,Wednesday,8,12:00,Yes,Rainy,Holi,4653,Rush Day,No,"Holiday, Festival, Bad Weather"
"Basilica of Bom Jesu, Goa",Tuesday,8,12:00,No,Hot,Navratri,5759,Rush Day,No,Festival
"Kamakhya Temple, Guwahati",Monday,9,08:00,Yes,Rainy,Holi,4731,Rush Day,No,"Holiday, Festival, Bad Weather"
Agra Fort,Thursday,2,12:00,No,Sunny,Diwali,4843,Rush Day,No,"Festival, Good Weather"
Khajuraho Temples,Monday,10,14:00,Yes,Cloudy,Christmas,6639,Rush Day,No,"Holiday, Festival"
"Basilica of Bom Jesu, Goa",Friday,6,16:00,Yes,Cloudy,Holi,4055,Rush Day,No,"Holiday, Festival"
"India Gate, New Delhi",Friday,2,18:00,Yes,Hot,None,2349,Normal Day,No,Holiday
"Mehrangarh Fort, Jodhpur",Sunday,5,12:00,No,Cold,Christmas,5420,Rush Day,Yes,"Weekend, Festival, Bad Weather"
"Bara Imambara, Lucknow",Wednesday,3,12:00,No,Sunny,Diwali,5498,Rush Day,No,"Festival, Good Weather"
"Mahabodhi Temple, Bodh Gaya",Wednesday,3,14:00,No,Cloudy,Diwali,3879,Normal Day,No,Festival
"Meenakshi Temple, Madurai",Thursday,3,20:00,Yes,Hot,Holi,5151,Rush Day,No,"Holiday, Festival"
"Qutub Minar, Delhi",Thursday,8,11:00,No,Cloudy,Pongal,5330,Rush Day,No,Festival
Fatehpur Sikri,Sunday,10,15:00,No,Cloudy,None,2653,Normal Day,Yes,Weekend
Gwalior Fort,Monday,4,11:00,Yes,Cold,Navratri,4989,Rush Day,No,"Holiday, Festival, Bad Weather"
"Jantar Mantar, Jaipur",Sunday,5,19:00,Yes,Hot,Navratri,8595,Rush Day,Yes,"Weekend, Holiday, Festival"
"Kashi Vishwanath Temple, Varanasi",Thursday,11,18:00,No,Hot,Christmas,2745,Normal Day,No,Festival
"India Gate, New Delhi",Sunday,3,09:00,No,Cloudy,Diwali,6535,Rush Day,Yes,"Weekend, Festival"
"Lotus Temple, Delhi",Friday,4,18:00,Yes,Hot,Pongal,5922,Rush Day,No,"Holiday, Festival"
"India Gate, New Delhi",Thursday,1,14:00,Yes,Sunny,Navratri,4322,Rush Day,No,"Holiday, Festival, Good Weather"
Fatehpur Sikri,Thursday,3,19:00,Yes,Cloudy,Navratri,5520,Rush Day,No,"Holiday, Festival"
"City Palace, Udaipur",Thursday,12,10:00,Yes,Sunny,Pongal,6477,Rush Day,No,"Holiday, Festival, Good Weather"
"Taj Mahal, Agra",Friday,8,19:00,No,Cold,Navratri,4365,Rush Day,No,"Festival, Bad Weather"
"Jama Masjid, Delhi",Friday,9,12:00,No,Hot,Christmas,4640,Rush Day,No,Festival
"India Gate, New Delhi",Monday,3,14:00,Yes,Hot,Pongal,5941,Rush Day,No,"Holiday, Festival"
"Hampi, Karnataka",Wednesday,12,10:00,Yes,Rainy,Eid,3975,Normal Day,No,"Holiday, Festival, Bad Weather"
"Rashtrapati Bhawan, Delhi",Saturday,8,09:00,No,Sunny,Eid,6789,Rush Day,Yes,"Weekend, Festival, Good Weather"
"Qutub Minar, Delhi",Monday,11,08:00,Yes,Cloudy,Navratri,5037,Rush Day,No,"Holiday, Festival"
"Jama Masjid, Delhi",Thursday,7,12:00,Yes,Hot,Diwali,7316,Rush Day,No,"Holiday, Festival"
Agra Fort,Tuesday,7,16:00,Yes,Rainy,Pongal,6831,Rush Day,No,"Holiday, Festival, Bad Weather"
"Gateway of India, Mumbai",Saturday,8,18:00,No,Sunny,Diwali,5164,Rush Day,Yes,"Weekend, Festival, Good Weather"
Gwalior Fort,Sunday,9,17:00,No,Rainy,None,3885,Normal Day,Yes,"Weekend, Bad Weather"
"Golconda Fort, Hyderabad",Thursday,3,17:00,Yes,Sunny,None,2606,Normal Day,No,"Holiday, Good Weather"
"Gateway of India, Mumbai",Tuesday,2,16:00,No,Hot,Diwali,4285,Rush Day,No,Festival
Ajanta & Ellora Caves,Monday,3,16:00,Yes,Hot,Navratri,5927,Rush Day,No,"Holiday, Festival"
"City Palace, Udaipur",Wednesday,6,12:00,No,Cloudy,Eid,4279,Rush Day,No,Festival
"Sun Temple, Konark",Monday,12,12:00,No,Cloudy,Pongal,4186,Rush Day,No,Festival
"Hampi, Karnataka",Saturday,10,20:00,No,Cloudy,Diwali,4233,Rush Day,Yes,"Weekend, Festival"
"Red Fort, Delhi",Thursday,10,16:00,No,Cloudy,Diwali,5427,Rush Day,No,Festival
"Golden Temple, Amritsar",Friday,7,12:00,Yes,Rainy,Eid,5963,Rush Day,No,"Holiday, Festival, Bad Weather"
Fatehpur Sikri,Monday,9,13:00,Yes,Sunny,Pongal,7993,Rush Day,No,"Holiday, Festival, Good Weather"
"Golconda Fort, Hyderabad",Saturday,5,08:00,Yes,Sunny,None,4568,Rush Day,Yes,"Weekend, Holiday, Good Weather"
"Kamakhya Temple, Guwahati",Thursday,12,15:00,Yes,Cold,None,3356,Normal Day,No,"Holiday, Bad Weather"
"Gateway of India, Mumbai",Monday,7,11:00,Yes,Rainy,None,3529,Normal Day,No,"Holiday, Bad Weather"
"Amer Fort, Jaipur",Saturday,7,12:00,Yes,Sunny,Christmas,8981,Rush Day,Yes,"Weekend, Holiday, Festival, Good Weather"
"Golden Temple, Amritsar",Sunday,4,08:00,Yes,Cloudy,Diwali,7703,Rush Day,Yes,"Weekend, Holiday, Festival"
"Golconda Fort, Hyderabad",Monday,4,16:00,Yes,Cloudy,Pongal,6071,Rush Day,No,"Holiday, Festival"
"Brihadisvara Temple, Thanjavur",Friday,2,16:00,No,Cloudy,Eid,4828,Rush Day,No,Festival
"Mahabodhi Temple, Bodh Gaya",Tuesday,6,14:00,Yes,Hot,Christmas,6166,Rush Day,No,"Holiday, Festival"
"Brihadisvara Temple, Thanjavur",Wednesday,7,08:00,No,Sunny,Eid,4968,Rush Day,No,"Festival, Good Weather"
"Qutub Minar, Delhi",Wednesday,9,15:00,Yes,Sunny,None,3433,Normal Day,No,"Holiday, Good Weather"
"Rashtrapati Bhawan, Delhi",Friday,6,14:00,Yes,Cold,Eid,5179,Rush Day,No,"Holiday, Festival, Bad Weather"
"Bara Imambara, Lucknow",Friday,11,19:00,Yes,Cold,None,1818,Normal Day,No,"Holiday, Bad Weather"
"Jantar Mantar, Jaipur",Sunday,9,17:00,Yes,Cold,Christmas,8450,Rush Day,Yes,"Weekend, Holiday, Festival, Bad Weather"
"Kashi Vishwanath Temple, Varanasi",Wednesday,6,18:00,Yes,Cloudy,Pongal,5304,Rush Day,No,"Holiday, Festival"
"Gateway of India, Mumbai",Wednesday,7,15:00,No,Cold,Eid,3014,Normal Day,No,"Festival, Bad Weather"
Elephanta Caves,Wednesday,12,09:00,Yes,Rainy,Holi,5225,Rush Day,No,"Holiday, Festival, Bad Weather"
"Meenakshi Temple, Madurai",Tuesday,7,16:00,No,Rainy,Eid,2532,Normal Day,No,"Festival, Bad Weather"
"Qutub Minar, Delhi",Tuesday,4,20:00,Yes,Hot,Christmas,5380,Rush Day,No,"Holiday, Festival"
"Basilica of Bom Jesu, Goa",Thursday,3,16:00,No,Sunny,Diwali,5533,Rush Day,No,"Festival, Good Weather"
Mysore Palace,Saturday,11,09:00,Yes,Rainy,Pongal,5521,Rush Day,Yes,"Weekend, Holiday, Festival, Bad Weather"
"Hampi, Karnataka",Tuesday,12,13:00,No,Rainy,Eid,5521,Rush Day,No,"Festival, Bad Weather"
"Mehrangarh Fort, Jodhpur",Friday,9,18:00,No,Cloudy,Diwali,5366,Rush Day,No,Festival
"Kamakhya Temple, Guwahati",Friday,11,17:00,No,Sunny,None,2408,Normal Day,No,Good Weather
"Jama Masjid, Delhi",Thursday,3,10:00,No,Cold,Eid,2894,Normal Day,No,"Festival, Bad Weather"
"Victoria Memorial, Kolkata",Friday,9,19:00,Yes,Cloudy,Diwali,6512,Rush Day,No,"Holiday, Festival"
"Mehrangarh Fort, Jodhpur",Thursday,4,09:00,No,Cold,Eid,4170,Rush Day,No,"Festival, Bad Weather"
"India Gate, New Delhi",Tuesday,9,14:00,Yes,Rainy,None,1302,Normal Day,No,"Holiday, Bad Weather"
Jaisalmer Fort,Friday,11,16:00,No,Sunny,Pongal,5953,Rush Day,No,"Festival, Good Weather"
"Meenakshi Temple, Madurai",Monday,1,20:00,Yes,Cold,None,3312,Normal Day,No,"Holiday, Bad Weather"
"Sun Temple, Konark",Saturday,10,08:00,No,Cloudy,Diwali,5514,Rush Day,Yes,"Weekend, Festival"
"Dilwara Temples, Mount Abu",Sunday,10,12:00,No,Cold,Diwali,6426,Rush Day,Yes,"Weekend, Festival, Bad Weather"
"Victoria Memorial, Kolkata",Wednesday,1,15:00,No,Hot,None,2850,Normal Day,No,None
"Taj Mahal, Agra",Monday,7,09:00,No,Cold,Holi,3681,Normal Day,No,"Festival, Bad Weather"
"Red Fort, Delhi",Monday,12,15:00,Yes,Hot,Navratri,6441,Rush Day,No,"Holiday, Festival"
"Hawa Mahal, Jaipur",Wednesday,6,17:00,Yes,Rainy,Navratri,3045,Normal Day,No,"Holiday, Festival, Bad Weather"
"Red Fort, Delhi",Thursday,9,18:00,No,Hot,Diwali,3466,Normal Day,No,Festival
"Qutub Minar, Delhi",Thursday,12,20:00,No,Rainy,Christmas,3272,Normal Day,No,"Festival, Bad Weather"
"Rashtrapati Bhawan, Delhi",Tuesday,1,20:00,Yes,Cloudy,Diwali,5360,Rush Day,No,"Holiday, Festival"
Fatehpur Sikri,Friday,6,10:00,Yes,Rainy,Diwali,6547,Rush Day,No,"Holiday, Festival, Bad Weather"
"Sun Temple, Konark",Sunday,4,08:00,No,Hot,Eid,5753,Rush Day,Yes,"Weekend, Festival"
"Golconda Fort, Hyderabad",Wednesday,8,17:00,Yes,Cold,Pongal,3798,Normal Day,No,"Holiday, Festival, Bad Weather"
Gwalior Fort,Friday,10,19:00,No,Cold,Diwali,3701,Normal Day,No,"Festival, Bad Weather"
Ajanta & Ellora Caves,Sunday,6,15:00,No,Sunny,Holi,5857,Rush Day,Yes,"Weekend, Festival, Good Weather"
Sanchi Stupa,Thursday,6,12:00,Yes,Cloudy,Christmas,7122,Rush Day,No,"Holiday, Festival"
"Lotus Temple, Delhi",Wednesday,10,08:00,No,Cloudy,Diwali,4875,Rush Day,No,Festival
"Golden Temple, Amritsar",Thursday,3,19:00,No,Hot,Diwali,4028,Rush Day,No,Festival
"Brihadisvara Temple, Thanjavur",Saturday,4,16:00,No,Rainy,Eid,6665,Rush Day,Yes,"Weekend, Festival, Bad Weather"
Khajuraho Temples,Tuesday,4,12:00,No,Rainy,Eid,3177,Normal Day,No,"Festival, Bad Weather"
"Golconda Fort, Hyderabad",Monday,9,14:00,Yes,Rainy,None,1207,Normal Day,No,"Holiday, Bad Weather"
"Qutub Minar, Delhi",Monday,12,20:00,No,Sunny,Navratri,4569,Rush Day,No,"Festival, Good Weather"
"Sun Temple, Konark",Friday,11,13:00,No,Hot,Christmas,2655,Normal Day,No,Festival
Fatehpur Sikri,Thursday,3,10:00,Yes,Hot,Eid,6577,Rush Day,No,"Holiday, Festival"
"India Gate, New Delhi",Sunday,12,19:00,No,Hot,Eid,6682,Rush Day,Yes,"Weekend, Festival"
"Sun Temple, Konark",Wednesday,10,19:00,No,Cloudy,Holi,4986,Rush Day,No,Festival
"Bara Imambara, Lucknow",Thursday,10,10:00,No,Rainy,Christmas,4067,Rush Day,No,"Festival, Bad Weather"
"Red Fort, Delhi",Thursday,2,20:00,No,Hot,Navratri,4124,Rush Day,No,Festival
"Amer Fort, Jaipur",Friday,4,15:00,Yes,Hot,Navratri,5970,Rush Day,No,"Holiday, Festival"
Mysore Palace,Wednesday,12,16:00,Yes,Rainy,Pongal,6363,Rush Day,No,"Holiday, Festival, Bad Weather"
"Golconda Fort, Hyderabad",Monday,7,14:00,No,Cloudy,Eid,4581,Rush Day,No,Festival
Khajuraho Temples,Monday,8,18:00,No,Cloudy,Navratri,6502,Rush Day,No,Festival
Jaisalmer Fort,Tuesday,10,17:00,No,Cloudy,Diwali,2932,Normal Day,No,Festival
Sanchi Stupa,Wednesday,5,08:00,No,Cloudy,Pongal,3324,Normal Day,No,Festival
"Taj Mahal, Agra",Friday,10,11:00,Yes,Rainy,Pongal,5567,Rush Day,No,"Holiday, Festival, Bad Weather"
"Bara Imambara, Lucknow",Tuesday,1,18:00,No,Rainy,Holi,4213,Rush Day,No,"Festival, Bad Weather"
"Amer Fort, Jaipur",Saturday,8,14:00,No,Sunny,None,3361,Normal Day,Yes,"Weekend, Good Weather"
"Basilica of Bom Jesu, Goa",Friday,10,10:00,Yes,Rainy,Holi,5472,Rush Day,No,"Holiday, Festival, Bad Weather"
"Brihadisvara Temple, Thanjavur",Tuesday,11,09:00,No,Cloudy,Holi,2928,Normal Day,No,Festival
Agra Fort,Wednesday,10,11:00,No,Rainy,Navratri,5393,Rush Day,No,"Festival, Bad Weather"
"Charminar, Hyderabad",Friday,8,08:00,No,Cold,Pongal,1991,Normal Day,No,"Festival, Bad Weather"
Mysore Palace,Tuesday,5,18:00,Yes,Hot,Christmas,6929,Rush Day,No,"Holiday, Festival"
"Amer Fort, Jaipur",Thursday,11,17:00,Yes,Hot,Navratri,5086,Rush Day,No,"Holiday, Festival"
Elephanta Caves,Monday,4,10:00,Yes,Hot,Eid,4989,Rush Day,No,"Holiday, Festival"
Fatehpur Sikri,Friday,5,11:00,No,Hot,None,938,Normal Day,No,None
"Red Fort, Delhi",Saturday,1,19:00,Yes,Rainy,Christmas,7550,Rush Day,Yes,"Weekend, Holiday, Festival, Bad Weather"
"Taj Mahal, Agra",Monday,1,08:00,Yes,Hot,Eid,6217,Rush Day,No,"Holiday, Festival"
"Humayun's Tomb, Delhi",Thursday,6,14:00,No,Cloudy,Pongal,3562,Normal Day,No,Festival
Jaisalmer Fort,Saturday,11,20:00,Yes,Cloudy,Pongal,8588,Rush Day,Yes,"Weekend, Holiday, Festival"
"Rashtrapati Bhawan, Delhi",Tuesday,2,18:00,Yes,Cloudy,Eid,6430,Rush Day,No,"Holiday, Festival"
"Golden Temple, Amritsar",Wednesday,12,18:00,Yes,Rainy,Navratri,5268,Rush Day,No,"Holiday, Festival, Bad Weather"
"Brihadisvara Temple, Thanjavur",Tuesday,12,16:00,No,Hot,Pongal,6304,Rush Day,No,Festival
"Golden Temple, Amritsar",Monday,1,12:00,Yes,Hot,Holi,5834,Rush Day,No,"Holiday, Festival"
Fatehpur Sikri,Wednesday,8,11:00,Yes,Rainy,Christmas,6944,Rush Day,No,"Holiday, Festival, Bad Weather"
"Taj Mahal, Agra",Monday,6,16:00,Yes,Cold,Diwali,6709,Rush Day,No,"Holiday, Festival, Bad Weather"
Sanchi Stupa,Saturday,2,14:00,No,Rainy,Navratri,4366,Rush Day,Yes,"Weekend, Festival, Bad Weather"
Jaisalmer Fort,Friday,4,09:00,Yes,Rainy,Navratri,3907,Normal Day,No,"Holiday, Festival, Bad Weather"
"Golden Temple, Amritsar",Monday,2,17:00,No,Hot,Holi,5328,Rush Day,No,Festival
Fatehpur Sikri,Monday,1,19:00,Yes,Sunny,Diwali,6381,Rush Day,No,"Holiday, Festival, Good Weather"
"Golden Temple, Amritsar",Saturday,7,16:00,Yes,Cold,Holi,6276,Rush Day,Yes,"Weekend, Holiday, Festival, Bad Weather"
"Hawa Mahal, Jaipur",Tuesday,3,16:00,Yes,Cold,Christmas,5512,Rush Day,No,"Holiday, Festival, Bad Weather"
Jaisalmer Fort,Tuesday,1,09:00,No,Sunny,Pongal,4321,Rush Day,No,"Festival, Good Weather"
"Mehrangarh Fort, Jodhpur",Monday,4,11:00,Yes,Cold,Diwali,4598,Rush Day,No,"Holiday, Festival, Bad Weather"
Khajuraho Temples,Saturday,8,19:00,No,Rainy,Holi,6929,Rush Day,Yes,"Weekend, Festival, Bad Weather"
Khajuraho Temples,Friday,9,08:00,No,Cloudy,Navratri,4244,Rush Day,No,Festival
"Mehrangarh Fort, Jodhpur",Friday,8,11:00,No,Cold,Holi,3773,Normal Day,No,"Festival, Bad Weather"
Elephanta Caves,Saturday,4,08:00,Yes,Hot,Navratri,7684,Rush Day,Yes,"Weekend, Holiday, Festival"
"Golden Temple, Amritsar",Tuesday,9,19:00,No,Rainy,Navratri,3379,Normal Day,No,"Festival, Bad Weather"
"Rashtrapati Bhawan, Delhi",Wednesday,3,14:00,No,Sunny,Holi,6010,Rush Day,No,"Festival, Good Weather"
Jaisalmer Fort,Saturday,10,08:00,Yes,Rainy,Navratri,6841,Rush Day,Yes,"Weekend, Holiday, Festival, Bad Weather"
"Victoria Memorial, Kolkata",Friday,10,16:00,No,Sunny,Christmas,6850,Rush Day,No,"Festival, Good Weather"
Khajuraho Temples,Sunday,12,15:00,No,Sunny,Holi,6222,Rush Day,Yes,"Weekend, Festival, Good Weather"
Jaisalmer Fort,Sunday,4,11:00,No,Hot,Pongal,6170,Rush Day,Yes,"Weekend, Festival"
Gwalior Fort,Saturday,4,11:00,No,Sunny,None,3737,Normal Day,Yes,"Weekend, Good Weather"
"India Gate, New Delhi",Monday,8,17:00,Yes,Cold,None,1447,Normal Day,No,"Holiday, Bad Weather"
Sanchi Stupa,Saturday,12,12:00,Yes,Hot,Navratri,4894,Rush Day,Yes,"Weekend, Holiday, Festival"
"Mahabodhi Temple, Bodh Gaya",Sunday,12,19:00,No,Hot,Eid,5269,Rush Day,Yes,"Weekend, Festival"
"Gateway of India, Mumbai",Sunday,4,18:00,Yes,Rainy,None,4735,Rush Day,Yes,"Weekend, Holiday, Bad Weather"
"Hampi, Karnataka",Wednesday,7,09:00,Yes,Rainy,None,1614,Normal Day,No,"Holiday, Bad Weather"
"Bara Imambara, Lucknow",Sunday,6,14:00,No,Cloudy,Pongal,6129,Rush Day,Yes,"Weekend, Festival"
"Lotus Temple, Delhi",Wednesday,2,10:00,No,Hot,None,1355,Normal Day,No,None
"Gateway of India, Mumbai",Tuesday,12,09:00,Yes,Sunny,Christmas,6297,Rush Day,No,"Holiday, Festival, Good Weather"
Agra Fort,Thursday,2,20:00,No,Cold,Holi,5756,Rush Day,No,"Festival, Bad Weather"
"Dilwara Temples, Mount Abu",Sunday,5,18:00,Yes,Rainy,Pongal,6734,Rush Day,Yes,"Weekend, Holiday, Festival, Bad Weather"
"Taj Mahal, Agra",Friday,7,19:00,Yes,Rainy,Navratri,6695,Rush Day,No,"Holiday, Festival, Bad Weather"
"Red Fort, Delhi",Monday,12,18:00,No,Hot,Eid,2756,Normal Day,No,Festival
"Golconda Fort, Hyderabad",Thursday,10,11:00,Yes,Cloudy,Navratri,4262,Rush Day,No,"Holiday, Festival"
"Mehrangarh Fort, Jodhpur",Thursday,7,10:00,Yes,Rainy,Navratri,5622,Rush Day,No,"Holiday, Festival, Bad Weather"
Fatehpur Sikri,Wednesday,2,17:00,Yes,Cloudy,Pongal,4508,Rush Day,No,"Holiday, Festival"
Mysore Palace,Thursday,9,16:00,Yes,Hot,None,3432,Normal Day,No,Holiday
"Jantar Mantar, Jaipur",Tuesday,8,09:00,Yes,Hot,None,2463,Normal Day,No,Holiday
"Sun Temple, Konark",Thursday,11,08:00,No,Cloudy,Pongal,5451,Rush Day,No,Festival
"Golden Temple, Amritsar",Thursday,6,18:00,No,Hot,Navratri,4953,Rush Day,No,Festival
"India Gate, New Delhi",Wednesday,1,16:00,No,Hot,Christmas,4795,Rush Day,No,Festival
"Meenakshi Temple, Madurai",Wednesday,6,17:00,No,Cloudy,Holi,3292,Normal Day,No,Festival
"Red Fort, Delhi",Tuesday,9,11:00,No,Cloudy,Pongal,6389,Rush Day,No,Festival
"Rashtrapati Bhawan, Delhi",Thursday,6,16:00,Yes,Cloudy,Diwali,6392,Rush Day,No,"Holiday, Festival"
"Red Fort, Delhi",Monday,1,20:00,No,Sunny,None,3011,Normal Day,No,Good Weather
"Gateway of India, Mumbai",Friday,2,12:00,Yes,Rainy,Eid,5563,Rush Day,No,"Holiday, Festival, Bad Weather"
"Basilica of Bom Jesu, Goa",Thursday,9,20:00,No,Cloudy,Christmas,5237,Rush Day,No,Festival
Jaisalmer Fort,Tuesday,3,11:00,No,Cloudy,Holi,5998,Rush Day,No,Festival
"Charminar, Hyderabad",Friday,10,13:00,No,Cloudy,Christmas,5799,Rush Day,No,Festival
"Mahabodhi Temple, Bodh Gaya",Monday,6,18:00,No,Cloudy,Holi,5041,Rush Day,No,Festival
"Jama Masjid, Delhi",Saturday,12,10:00,Yes,Cloudy,Eid,7856,Rush Day,Yes,"Weekend, Holiday, Festival"
Jaisalmer Fort,Thursday,12,16:00,Yes,Hot,Holi,5523,Rush Day,No,"Holiday, Festival"
"Hampi, Karnataka",Tuesday,7,13:00,No,Rainy,Eid,5589,Rush Day,No,"Festival, Bad Weather"
"Qutub Minar, Delhi",Monday,5,14:00,No,Hot,Diwali,4169,Rush Day,No,Festival
Mysore Palace,Wednesday,2,10:00,Yes,Cold,Holi,3584,Normal Day,No,"Holiday, Festival, Bad Weather"
"Meenakshi Temple, Madurai",Sunday,11,17:00,Yes,Rainy,Navratri,6567,Rush Day,Yes,"Weekend, Holiday, Festival, Bad Weather"
"Amer Fort, Jaipur",Monday,8,15:00,No,Hot,Pongal,6432,Rush Day,No,Festival
"Rashtrapati Bhawan, Delhi",Thursday,6,11:00,No,Hot,Christmas,4357,Rush Day,No,Festival
"Sun Temple, Konark",Thursday,8,09:00,No,Hot,None,1173,Normal Day,No,None
"Rashtrapati Bhawan, Delhi",Monday,10,19:00,No,Cloudy,None,1641,Normal Day,No,None
"Golconda Fort, Hyderabad",Thursday,9,17:00,Yes,Rainy,Pongal,4999,Rush Day,No,"Holiday, Festival, Bad Weather"
"Dilwara Temples, Mount Abu",Monday,8,12:00,Yes,Cold,Pongal,5517,Rush Day,No,"Holiday, Festival, Bad Weather"
"Lotus Temple, Delhi",Tuesday,12,13:00,Yes,Rainy,Navratri,5519,Rush Day,No,"Holiday, Festival, Bad Weather"
"Meenakshi Temple, Madurai",Wednesday,5,09:00,No,Cold,Christmas,4521,Rush Day,No,"Festival, Bad Weather"
Gwalior Fort,Monday,3,08:00,Yes,Rainy,Pongal,4844,Rush Day,No,"Holiday, Festival, Bad Weather"
"Gateway of India, Mumbai",Tuesday,1,08:00,No,Sunny,Diwali,4328,Rush Day,No,"Festival, Good Weather"
Khajuraho Temples,Wednesday,6,15:00,Yes,Hot,Navratri,3758,Normal Day,No,"Holiday, Festival"
Khajuraho Temples,Wednesday,9,18:00,Yes,Sunny,Christmas,6734,Rush Day,No,"Holiday, Festival, Good Weather"
"Mahabodhi Temple, Bodh Gaya",Monday,6,15:00,No,Rainy,Pongal,5725,Rush Day,No,"Festival, Bad Weather"
"Rashtrapati Bhawan, Delhi",Monday,4,20:00,No,Hot,Christmas,5892,Rush Day,No,Festival
Mysore Palace,Tuesday,6,11:00,Yes,Sunny,Holi,4581,Rush Day,No,"Holiday, Festival, Good Weather"
"Mehrangarh Fort, Jodhpur",Tuesday,2,14:00,Yes,Sunny,Christmas,5293,Rush Day,No,"Holiday, Festival, Good Weather"
"Lotus Temple, Delhi",Monday,1,11:00,No,Cloudy,Eid,6049,Rush Day,No,Festival
"Golconda Fort, Hyderabad",Saturday,3,11:00,No,Cold,Eid,6281,Rush Day,Yes,"Weekend, Festival, Bad Weather"
Fatehpur Sikri,Thursday,8,09:00,Yes,Hot,Navratri,3636,Normal Day,No,"Holiday, Festival"
"Brihadisvara Temple, Thanjavur",Sunday,3,20:00,Yes,Rainy,Diwali,7002,Rush Day,Yes,"Weekend, Holiday, Festival, Bad Weather"
"Amer Fort, Jaipur",Monday,2,20:00,No,Cold,Eid,2566,Normal Day,No,"Festival, Bad Weather"
"Golden Temple, Amritsar",Sunday,6,12:00,No,Cloudy,Christmas,5350,Rush Day,Yes,"Weekend, Festival"
"Kamakhya Temple, Guwahati",Sunday,4,18:00,No,Rainy,Pongal,7068,Rush Day,Yes,"Weekend, Festival, Bad Weather"
Mysore Palace,Saturday,6,09:00,No,Cloudy,Navratri,6471,Rush Day,Yes,"Weekend, Festival"
"Hawa Mahal, Jaipur",Saturday,10,10:00,No,Cloudy,Eid,4592,Rush Day,Yes,"Weekend, Festival"
"Hampi, Karnataka",Tuesday,9,15:00,No,Hot,None,1682,Normal Day,No,None
Khajuraho Temples,Sunday,2,14:00,Yes,Cloudy,Eid,8747,Rush Day,Yes,"Weekend, Holiday, Festival"
Mysore Palace,Tuesday,8,10:00,Yes,Cold,Holi,2884,Normal Day,No,"Holiday, Festival, Bad Weather"
"Golconda Fort, Hyderabad",Thursday,6,11:00,Yes,Cloudy,Diwali,6336,Rush Day,No,"Holiday, Festival"
"Basilica of Bom Jesu, Goa",Monday,7,09:00,Yes,Sunny,Pongal,5537,Rush Day,No,"Holiday, Festival, Good Weather"
"Golden Temple, Amritsar",Saturday,4,11:00,Yes,Cold,Navratri,6300,Rush Day,Yes,"Weekend, Holiday, Festival, Bad Weather"
"Mahabodhi Temple, Bodh Gaya",Thursday,2,16:00,No,Cloudy,Christmas,5811,Rush Day,No,Festival
"Taj Mahal, Agra",Thursday,9,20:00,Yes,Hot,Christmas,4361,Rush Day,No,"Holiday, Festival"
"Victoria Memorial, Kolkata",Sunday,7,17:00,Yes,Hot,Eid,6694,Rush Day,Yes,"Weekend, Holiday, Festival"
Mysore Palace,Thursday,11,20:00,No,Rainy,Diwali,3174,Normal Day,No,"Festival, Bad Weather"
"Golconda Fort, Hyderabad",Monday,8,08:00,Yes,Hot,Diwali,5544,Rush Day,No,"Holiday, Festival"
Elephanta Caves,Saturday,6,08:00,No,Sunny,Holi,7517,Rush Day,Yes,"Weekend, Festival, Good Weather"
"Mehrangarh Fort, Jodhpur",Tuesday,12,17:00,No,Cold,Eid,4520,Rush Day,No,"Festival, Bad Weather"
"Kamakhya Temple, Guwahati",Friday,7,12:00,Yes,Rainy,Navratri,4508,Rush Day,No,"Holiday, Festival, Bad Weather"
"Hawa Mahal, Jaipur",Sunday,11,16:00,No,Rainy,Diwali,7084,Rush Day,Yes,"Weekend, Festival, Bad Weather"
Fatehpur Sikri,Saturday,2,18:00,No,Hot,Pongal,6922,Rush Day,Yes,"Weekend, Festival"
Jaisalmer Fort,Tuesday,5,20:00,Yes,Hot,Pongal,4993,Rush Day,No,"Holiday, Festival"
"Mehrangarh Fort, Jodhpur",Monday,2,17:00,No,Cold,Navratri,6151,Rush Day,No,"Festival, Bad Weather"
"India Gate, New Delhi",Thursday,3,15:00,No,Sunny,Christmas,5243,Rush Day,No,"Festival, Good Weather"
"Dilwara Temples, Mount Abu",Monday,10,15:00,Yes,Rainy,Navratri,5973,Rush Day,No,"Holiday, Festival, Bad Weather"
"Golden Temple, Amritsar",Tuesday,7,11:00,No,Sunny,Eid,4125,Rush Day,No,"Festival, Good Weather"
Sanchi Stupa,Thursday,11,17:00,No,Cold,Eid,4176,Rush Day,No,"Festival, Bad Weather"
"Amer Fort, Jaipur",Wednesday,5,14:00,No,Cloudy,Eid,4071,Rush Day,No,Festival
"Meenakshi Temple, Madurai",Wednesday,2,14:00,Yes,Hot,Diwali,4262,Rush Day,No,"Holiday, Festival"
Gwalior Fort,Friday,12,10:00,Yes,Cloudy,Holi,4355,Rush Day,No,"Holiday, Festival"
"Golden Temple, Amritsar",Monday,3,15:00,No,Rainy,Diwali,5453,Rush Day,No,"Festival, Bad Weather"
"Hampi, Karnataka",Tuesday,9,12:00,Yes,Sunny,None,2096,Normal Day,No,"Holiday, Good Weather"
"Charminar, Hyderabad",Saturday,10,08:00,No,Sunny,Eid,6614,Rush Day,Yes,"Weekend, Festival, Good Weather"
"Kashi Vishwanath Temple, Varanasi",Wednesday,1,13:00,No,Rainy,Diwali,4510,Rush Day,No,"Festival, Bad Weather"
"Jantar Mantar, Jaipur",Monday,10,08:00,Yes,Sunny,Diwali,6701,Rush Day,No,"Holiday, Festival, Good Weather"
Gwalior Fort,Wednesday,3,20:00,Yes,Rainy,Navratri,7493,Rush Day,No,"Holiday, Festival, Bad Weather"
"Mehrangarh Fort, Jodhpur",Thursday,1,20:00,Yes,Cold,None,3185,Normal Day,No,"Holiday, Bad Weather"
"Qutub Minar, Delhi",Saturday,4,08:00,Yes,Cold,Holi,6274,Rush Day,Yes,"Weekend, Holiday, Festival, Bad Weather"
"Red Fort, Delhi",Monday,2,13:00,Yes,Hot,Pongal,4521,Rush Day,No,"Holiday, Festival"
Jaisalmer Fort,Monday,7,15:00,Yes,Rainy,Eid,3654,Normal Day,No,"Holiday, Festival, Bad Weather"
"Golconda Fort, Hyderabad",Tuesday,11,15:00,No,Hot,Christmas,6107,Rush Day,No,Festival
Fatehpur Sikri,Friday,10,19:00,Yes,Sunny,Eid,3722,Normal Day,No,"Holiday, Festival, Good Weather"
"Gateway of India, Mumbai",Thursday,8,16:00,Yes,Sunny,None,4335,Rush Day,No,"Holiday, Good Weather"
"Dilwara Temples, Mount Abu",Tuesday,9,14:00,No,Hot,Navratri,3306,Normal Day,No,Festival
"India Gate, New Delhi",Monday,6,17:00,Yes,Hot,Christmas,6602,Rush Day,No,"Holiday, Festival"
"Kamakhya Temple, Guwahati",Saturday,8,09:00,Yes,Cloudy,Pongal,6432,Rush Day,Yes,"Weekend, Holiday, Festival"
"Red Fort, Delhi",Sunday,10,18:00,No,Sunny,Holi,3650,Normal Day,Yes,"Weekend, Festival, Good Weather"
"Hawa Mahal, Jaipur",Thursday,7,19:00,No,Rainy,Eid,4369,Rush Day,No,"Festival, Bad Weather"
Mysore Palace,Monday,3,19:00,No,Hot,Eid,5247,Rush Day,No,Festival
Sanchi Stupa,Friday,11,12:00,No,Cold,Holi,2318,Normal Day,No,"Festival, Bad Weather"
"Jama Masjid, Delhi",Wednesday,10,14:00,Yes,Hot,Navratri,4838,Rush Day,No,"Holiday, Festival"
Fatehpur Sikri,Friday,5,17:00,Yes,Sunny,Holi,6276,Rush Day,No,"Holiday, Festival, Good Weather"
Khajuraho Temples,Friday,7,11:00,No,Rainy,Diwali,4394,Rush Day,No,"Festival, Bad Weather"
Mysore Palace,Thursday,11,20:00,No,Cold,Pongal,5396,Rush Day,No,"Festival, Bad Weather"
"Hawa Mahal, Jaipur",Monday,8,20:00,Yes,Sunny,None,2891,Normal Day,No,"Holiday, Good Weather"
"Sun Temple, Konark",Sunday,2,19:00,No,Cold,Diwali,6429,Rush Day,Yes,"Weekend, Festival, Bad Weather"
"Taj Mahal, Agra",Saturday,7,17:00,No,Sunny,Navratri,6592,Rush Day,Yes,"Weekend, Festival, Good Weather"
"Sun Temple, Konark",Saturday,4,11:00,Yes,Hot,Christmas,6487,Rush Day,Yes,"Weekend, Holiday, Festival"
"City Palace, Udaipur",Monday,2,18:00,Yes,Hot,Holi,4746,Rush Day,No,"Holiday, Festival"
"Rashtrapati Bhawan, Delhi",Monday,11,14:00,Yes,Rainy,None,3057,Normal Day,No,"Holiday, Bad Weather"
"Kashi Vishwanath Temple, Varanasi",Tuesday,8,17:00,No,Rainy,Navratri,6402,Rush Day,No,"Festival, Bad Weather"
"Sun Temple, Konark",Sunday,3,19:00,Yes,Cold,Holi,5596,Rush Day,Yes,"Weekend, Holiday, Festival, Bad Weather"
"Mehrangarh Fort, Jodhpur",Friday,9,13:00,No,Cold,None,1382,Normal Day,No,Bad Weather
"Meenakshi Temple, Madurai",Saturday,6,13:00,No,Rainy,Navratri,6853,Rush Day,Yes,"Weekend, Festival, Bad Weather"
"Golden Temple, Amritsar",Tuesday,8,16:00,Yes,Cloudy,Eid,6163,Rush Day,No,"Holiday, Festival"
Khajuraho Temples,Thursday,8,20:00,No,Cold,Pongal,4730,Rush Day,No,"Festival, Bad Weather"
Sanchi Stupa,Sunday,9,11:00,No,Cold,Navratri,4941,Rush Day,Yes,"Weekend, Festival, Bad Weather"
Gwalior Fort,Saturday,2,19:00,No,Hot,Holi,6432,Rush Day,Yes,"Weekend, Festival"
"Charminar, Hyderabad",Monday,9,18:00,No,Hot,Diwali,3050,Normal Day,No,Festival
Khajuraho Temples,Monday,6,15:00,Yes,Cloudy,Holi,6570,Rush Day,No,"Holiday, Festival"
Jaisalmer Fort,Saturday,11,12:00,No,Sunny,Navratri,6611,Rush Day,Yes,"Weekend, Festival, Good Weather"
Ajanta & Ellora Caves,Wednesday,9,10:00,Yes,Cloudy,Navratri,5718,Rush Day,No,"Holiday, Festival"
Gwalior Fort,Friday,6,14:00,Yes,Cloudy,Pongal,5587,Rush Day,No,"Holiday, Festival"
"Rashtrapati Bhawan, Delhi",Friday,7,12:00,No,Hot,Christmas,4171,Rush Day,No,Festival
"Mahabodhi Temple, Bodh Gaya",Tuesday,8,20:00,Yes,Sunny,Pongal,6381,Rush Day,No,"Holiday, Festival, Good Weather"
"Basilica of Bom Jesu, Goa",Tuesday,8,10:00,Yes,Hot,Diwali,5660,Rush Day,No,"Holiday, Festival"
"Golconda Fort, Hyderabad",Friday,4,09:00,No,Cold,Christmas,2899,Normal Day,No,"Festival, Bad Weather"
Ajanta & Ellora Caves,Saturday,4,18:00,No,Rainy,None,2568,Normal Day,Yes,"Weekend, Bad Weather"
"Meenakshi Temple, Madurai",Saturday,11,09:00,Yes,Rainy,Navratri,7172,Rush Day,Yes,"Weekend, Holiday, Festival, Bad Weather"
"Golconda Fort, Hyderabad",Saturday,6,17:00,Yes,Cloudy,Holi,7360,Rush Day,Yes,"Weekend, Holiday, Festival"
"Amer Fort, Jaipur",Monday,2,15:00,Yes,Rainy,Holi,4723,Rush Day,No,"Holiday, Festival, Bad Weather"
Fatehpur Sikri,Friday,4,15:00,Yes,Cloudy,None,2179,Normal Day,No,Holiday
Jaisalmer Fort,Friday,6,17:00,No,Cold,Christmas,4421,Rush Day,No,"Festival, Bad Weather"
"Jantar Mantar, Jaipur",Tuesday,10,08:00,No,Hot,Pongal,3898,Normal Day,No,Festival
"Gateway of India, Mumbai",Wednesday,4,18:00,No,Cloudy,Navratri,3392,Normal Day,No,Festival
"Amer Fort, Jaipur",Friday,1,12:00,Yes,Hot,Christmas,4697,Rush Day,No,"Holiday, Festival"
"Red Fort, Delhi",Thursday,6,11:00,No,Rainy,Navratri,5565,Rush Day,No,"Festival, Bad Weather"
"Hawa Mahal, Jaipur",Sunday,4,17:00,Yes,Hot,Diwali,7260,Rush Day,Yes,"Weekend, Holiday, Festival"
Gwalior Fort,Saturday,5,12:00,Yes,Cloudy,Navratri,7848,Rush Day,Yes,"Weekend, Holiday, Festival"
"Kashi Vishwanath Temple, Varanasi",Tuesday,10,08:00,Yes,Cloudy,None,2612,Normal Day,No,Holiday
"Brihadisvara Temple, Thanjavur",Sunday,8,15:00,Yes,Hot,Christmas,5002,Rush Day,Yes,"Weekend, Holiday, Festival"
"City Palace, Udaipur",Friday,3,17:00,Yes,Hot,Christmas,5239,Rush Day,No,"Holiday, Festival"
"Mahabodhi Temple, Bodh Gaya",Friday,3,17:00,No,Cold,Diwali,4413,Rush Day,No,"Festival, Bad Weather"
Khajuraho Temples,Friday,9,19:00,Yes,Rainy,Holi,3379,Normal Day,No,"Holiday, Festival, Bad Weather"
"Bara Imambara, Lucknow",Saturday,6,10:00,No,Cold,Christmas,6767,Rush Day,Yes,"Weekend, Festival, Bad Weather"
"Dilwara Temples, Mount Abu",Friday,4,13:00,No,Cloudy,Eid,2993,Normal Day,No,Festival
"Hampi, Karnataka",Tuesday,11,09:00,No,Rainy,Pongal,5773,Rush Day,No,"Festival, Bad Weather"
"Mahabodhi Temple, Bodh Gaya",Tuesday,4,11:00,No,Cloudy,Holi,4412,Rush Day,No,Festival
"Kamakhya Temple, Guwahati",Monday,3,14:00,Yes,Cloudy,None,3717,Normal Day,No,Holiday
"Brihadisvara Temple, Thanjavur",Sunday,4,11:00,Yes,Cloudy,Eid,5988,Rush Day,Yes,"Weekend, Holiday, Festival"
"Mehrangarh Fort, Jodhpur",Tuesday,7,16:00,No,Sunny,Eid,6639,Rush Day,No,"Festival, Good Weather"
Khajuraho Temples,Saturday,5,10:00,No,Sunny,None,2449,Normal Day,Yes,"Weekend, Good Weather"
"Dilwara Temples, Mount Abu",Thursday,2,09:00,Yes,Cloudy,Pongal,6205,Rush Day,No,"Holiday, Festival"
"Victoria Memorial, Kolkata",Sunday,4,17:00,No,Hot,Christmas,4980,Rush Day,Yes,"Weekend, Festival"
"Brihadisvara Temple, Thanjavur",Thursday,1,14:00,No,Sunny,Navratri,5069,Rush Day,No,"Festival, Good Weather"
"Golden Temple, Amritsar",Thursday,4,08:00,No,Rainy,Christmas,2207,Normal Day,No,"Festival, Bad Weather"
"Amer Fort, Jaipur",Thursday,10,09:00,Yes,Hot,Christmas,4749,Rush Day,No,"Holiday, Festival"
Agra Fort,Wednesday,6,13:00,Yes,Sunny,Christmas,5477,Rush Day,No,"Holiday, Festival, Good Weather"
Gwalior Fort,Monday,4,14:00,Yes,Hot,Pongal,3776,Normal Day,No,"Holiday, Festival"
"Rashtrapati Bhawan, Delhi",Saturday,12,18:00,Yes,Sunny,Navratri,6717,Rush Day,Yes,"Weekend, Holiday, Festival, Good Weather"
"Golconda Fort, Hyderabad",Friday,10,20:00,No,Sunny,Diwali,4791,Rush Day,No,"Festival, Good Weather"
"Jama Masjid, Delhi",Monday,1,19:00,Yes,Sunny,Pongal,5348,Rush Day,No,"Holiday, Festival, Good Weather"
"Meenakshi Temple, Madurai",Sunday,3,15:00,No,Cloudy,None,3262,Normal Day,Yes,Weekend
"Golden Temple, Amritsar",Wednesday,9,11:00,Yes,Rainy,Navratri,4856,Rush Day,No,"Holiday, Festival, Bad Weather"
"Kashi Vishwanath Temple, Varanasi",Thursday,1,10:00,Yes,Sunny,None,2616,Normal Day,No,"Holiday, Good Weather"
"Hampi, Karnataka",Monday,2,19:00,Yes,Cloudy,Navratri,4323,Rush Day,No,"Holiday, Festival"
"Basilica of Bom Jesu, Goa",Monday,11,10:00,No,Cloudy,Navratri,3955,Normal Day,No,Festival
"Qutub Minar, Delhi",Sunday,4,16:00,Yes,Cloudy,Pongal,7786,Rush Day,Yes,"Weekend, Holiday, Festival"
"Golconda Fort, Hyderabad",Monday,4,08:00,Yes,Cloudy,None,2188,Normal Day,No,Holiday
"Charminar, Hyderabad",Thursday,8,15:00,Yes,Cold,Holi,4900,Rush Day,No,"Holiday, Festival, Bad Weather"
Gwalior Fort,Monday,10,14:00,Yes,Cold,Eid,5024,Rush Day,No,"Holiday, Festival, Bad Weather"
"Gateway of India, Mumbai",Tuesday,7,17:00,No,Hot,Pongal,6754,Rush Day,No,Festival
Mysore Palace,Friday,3,09:00,No,Sunny,Pongal,4799,Rush Day,No,"Festival, Good Weather"
"Amer Fort, Jaipur",Saturday,8,20:00,No,Cold,None,3605,Normal Day,Yes,"Weekend, Bad Weather"
"Hampi, Karnataka",Thursday,4,14:00,Yes,Rainy,Eid,6382,Rush Day,No,"Holiday, Festival, Bad Weather"
"Qutub Minar, Delhi",Sunday,5,19:00,No,Hot,None,2031,Normal Day,Yes,Weekend
"Golden Temple, Amritsar",Friday,6,13:00,No,Sunny,Christmas,5195,Rush Day,No,"Festival, Good Weather"
"Jama Masjid, Delhi",Friday,2,12:00,No,Cloudy,None,1699,Normal Day,No,None
Jaisalmer Fort,Sunday,2,17:00,Yes,Hot,Holi,7218,Rush Day,Yes,"Weekend, Holiday, Festival"
Ajanta & Ellora Caves,Monday,8,11:00,Yes,Cold,Pongal,3046,Normal Day,No,"Holiday, Festival, Bad Weather"
"Kashi Vishwanath Temple, Varanasi",Saturday,11,14:00,No,Cold,None,2704,Normal Day,Yes,"Weekend, Bad Weather"
"Bara Imambara, Lucknow",Monday,1,14:00,Yes,Sunny,None,3534,Normal Day,No,"Holiday, Good Weather"
Jaisalmer Fort,Friday,8,08:00,Yes,Hot,Christmas,5585,Rush Day,No,"Holiday, Festival"
"Taj Mahal, Agra",Saturday,2,13:00,No,Cold,Christmas,6456,Rush Day,Yes,"Weekend, Festival, Bad Weather"
"Golconda Fort, Hyderabad",Saturday,6,18:00,Yes,Cold,None,4836,Rush Day,Yes,"Weekend, Holiday, Bad Weather"
"Golden Temple, Amritsar",Saturday,1,08:00,Yes,Rainy,Diwali,7187,Rush Day,Yes,"Weekend, Holiday, Festival, Bad Weather"
Agra Fort,Thursday,1,14:00,No,Cold,Holi,5890,Rush Day,No,"Festival, Bad Weather"
Sanchi Stupa,Saturday,2,19:00,Yes,Cloudy,Pongal,7240,Rush Day,Yes,"Weekend, Holiday, Festival"
"Meenakshi Temple, Madurai",Friday,12,12:00,Yes,Hot,Pongal,5524,Rush Day,No,"Holiday, Festival"
"Golconda Fort, Hyderabad",Sunday,5,17:00,No,Hot,None,4236,Rush Day,Yes,Weekend
"Lotus Temple, Delhi",Monday,11,14:00,No,Hot,Holi,3961,Normal Day,No,Festival
"Gateway of India, Mumbai",Saturday,5,19:00,Yes,Sunny,Eid,6714,Rush Day,Yes,"Weekend, Holiday, Festival, Good Weather"
"Charminar, Hyderabad",Tuesday,10,15:00,No,Rainy,None,1429,Normal Day,No,Bad Weather
"Jantar Mantar, Jaipur",Saturday,8,16:00,Yes,Cold,Eid,6911,Rush Day,Yes,"Weekend, Holiday, Festival, Bad Weather"
"Qutub Minar, Delhi",Sunday,9,13:00,Yes,Hot,Pongal,7826,Rush Day,Yes,"Weekend, Holiday, Festival"
Fatehpur Sikri,Friday,1,16:00,No,Hot,Navratri,4541,Rush Day,No,Festival
"Hawa Mahal, Jaipur",Thursday,9,15:00,No,Cloudy,Navratri,4545,Rush Day,No,Festival
Agra Fort,Tuesday,3,18:00,No,Cloudy,Pongal,4744,Rush Day,No,Festival
Ajanta & Ellora Caves,Friday,7,10:00,Yes,Rainy,Christmas,6920,Rush Day,No,"Holiday, Festival, Bad Weather"
"Lotus Temple, Delhi",Saturday,8,10:00,No,Cold,Navratri,5930,Rush Day,Yes,"Weekend, Festival, Bad Weather"
"Mehrangarh Fort, Jodhpur",Thursday,11,18:00,No,Hot,Pongal,4704,Rush Day,No,Festival
"Brihadisvara Temple, Thanjavur",Friday,1,12:00,Yes,Hot,Pongal,5379,Rush Day,No,"Holiday, Festival"
"Taj Mahal, Agra",Wednesday,7,11:00,Yes,Cold,Christmas,5841,Rush Day,No,"Holiday, Festival, Bad Weather"
"Meenakshi Temple, Madurai",Thursday,12,09:00,No,Cloudy,Holi,2631,Normal Day,No,Festival
"City Palace, Udaipur",Tuesday,5,09:00,No,Rainy,Eid,3896,Normal Day,No,"Festival, Bad Weather"
"Mahabodhi Temple, Bodh Gaya",Friday,6,08:00,Yes,Cold,Eid,4293,Rush Day,No,"Holiday, Festival, Bad Weather"
Sanchi Stupa,Monday,1,10:00,No,Hot,Holi,2772,Normal Day,No,Festival
"Basilica of Bom Jesu, Goa",Friday,11,14:00,Yes,Sunny,Navratri,6415,Rush Day,No,"Holiday, Festival, Good Weather"
"Hampi, Karnataka",Wednesday,9,09:00,Yes,Cloudy,Navratri,5989,Rush Day,No,"Holiday, Festival"
"Jantar Mantar, Jaipur",Saturday,6,08:00,Yes,Rainy,Diwali,7251,Rush Day,Yes,"Weekend, Holiday, Festival, Bad Weather"
"Golden Temple, Amritsar",Friday,9,18:00,No,Cold,Pongal,2892,Normal Day,No,"Festival, Bad Weather"
Khajuraho Temples,Friday,3,08:00,No,Hot,None,1174,Normal Day,No,None
"Rashtrapati Bhawan, Delhi",Monday,12,20:00,Yes,Hot,None,1669,Normal Day,No,Holiday
Agra Fort,Monday,11,08:00,No,Cloudy,Navratri,5660,Rush Day,No,Festival
"Meenakshi Temple, Madurai",Monday,10,15:00,Yes,Sunny,Diwali,4495,Rush Day,No,"Holiday, Festival, Good Weather"
"Taj Mahal, Agra",Thursday,1,13:00,No,Sunny,Diwali,6250,Rush Day,No,"Festival, Good Weather"
"Gateway of India, Mumbai",Saturday,8,14:00,No,Sunny,Holi,5556,Rush Day,Yes,"Weekend, Festival, Good Weather"
"Amer Fort, Jaipur",Sunday,8,20:00,No,Cloudy,Eid,5783,Rush Day,Yes,"Weekend, Festival"
"Humayun's Tomb, Delhi",Monday,12,13:00,Yes,Hot,Christmas,4084,Rush Day,No,"Holiday, Festival"
Mysore Palace,Monday,11,15:00,Yes,Sunny,None,2255,Normal Day,No,"Holiday, Good Weather"
"Charminar, Hyderabad",Monday,9,19:00,No,Sunny,Pongal,4578,Rush Day,No,"Festival, Good Weather"
"Golconda Fort, Hyderabad",Thursday,10,13:00,Yes,Sunny,Pongal,5504,Rush Day,No,"Holiday, Festival, Good Weather"
"Hawa Mahal, Jaipur",Sunday,5,09:00,Yes,Cloudy,Christmas,8607,Rush Day,Yes,"Weekend, Holiday, Festival"
"Jama Masjid, Delhi",Tuesday,5,11:00,No,Sunny,Navratri,6359,Rush Day,No,"Festival, Good Weather"
"Golden Temple, Amritsar",Monday,4,20:00,No,Cold,Diwali,2473,Normal Day,No,"Festival, Bad Weather"
"Charminar, Hyderabad",Thursday,9,15:00,Yes,Hot,Eid,5252,Rush Day,No,"Holiday, Festival"
"Basilica of Bom Jesu, Goa",Tuesday,5,18:00,Yes,Rainy,None,1693,Normal Day,No,"Holiday, Bad Weather"
"City Palace, Udaipur",Friday,5,10:00,No,Cold,Christmas,3795,Normal Day,No,"Festival, Bad Weather"
Fatehpur Sikri,Monday,9,14:00,Yes,Rainy,Diwali,6591,Rush Day,No,"Holiday, Festival, Bad Weather"
Ajanta & Ellora Caves,Thursday,4,16:00,Yes,Sunny,Eid,5972,Rush Day,No,"Holiday, Festival, Good Weather"
Gwalior Fort,Thursday,12,19:00,Yes,Rainy,Pongal,4277,Rush Day,No,"Holiday, Festival, Bad Weather"
Agra Fort,Thursday,5,10:00,No,Sunny,Pongal,4801,Rush Day,No,"Festival, Good Weather"
Elephanta Caves,Monday,5,11:00,No,Sunny,Navratri,6250,Rush Day,No,"Festival, Good Weather"
"Humayun's Tomb, Delhi",Friday,5,18:00,Yes,Cloudy,Navratri,7077,Rush Day,No,"Holiday, Festival"
"Golden Temple, Amritsar",Friday,2,13:00,No,Hot,Eid,3611,Normal Day,No,Festival
"Humayun's Tomb, Delhi",Saturday,12,08:00,No,Sunny,Christmas,6873,Rush Day,Yes,"Weekend, Festival, Good Weather"
"Qutub Minar, Delhi",Monday,1,10:00,No,Cloudy,None,2082,Normal Day,No,None
"Rashtrapati Bhawan, Delhi",Thursday,10,18:00,No,Hot,Eid,4889,Rush Day,No,Festival
"Sun Temple, Konark",Sunday,1,18:00,Yes,Rainy,Christmas,6629,Rush Day,Yes,"Weekend, Holiday, Festival, Bad Weather"
"Lotus Temple, Delhi",Thursday,1,09:00,No,Rainy,None,2159,Normal Day,No,Bad Weather
Ajanta & Ellora Caves,Thursday,4,14:00,Yes,Sunny,Pongal,4635,Rush Day,No,"Holiday, Festival, Good Weather"
Sanchi Stupa,Sunday,6,09:00,No,Sunny,Navratri,6649,Rush Day,Yes,"Weekend, Festival, Good Weather"
Ajanta & Ellora Caves,Monday,1,20:00,Yes,Hot,Pongal,5275,Rush Day,No,"Holiday, Festival"
"Hawa Mahal, Jaipur",Tuesday,5,11:00,Yes,Sunny,Pongal,4930,Rush Day,No,"Holiday, Festival, Good Weather"
Agra Fort,Sunday,5,18:00,Yes,Hot,Eid,5103,Rush Day,Yes,"Weekend, Holiday, Festival"
Mysore Palace,Saturday,7,18:00,No,Hot,Navratri,6926,Rush Day,Yes,"Weekend, Festival"
"Brihadisvara Temple, Thanjavur",Monday,2,20:00,No,Cloudy,Eid,5093,Rush Day,No,Festival
"Lotus Temple, Delhi",Thursday,2,16:00,No,Rainy,Holi,3153,Normal Day,No,"Festival, Bad Weather"
"Humayun's Tomb, Delhi",Wednesday,10,19:00,Yes,Cold,Diwali,3682,Normal Day,No,"Holiday, Festival, Bad Weather"
"Jantar Mantar, Jaipur",Friday,10,13:00,No,Cloudy,Holi,5216,Rush Day,No,Festival
Elephanta Caves,Sunday,2,15:00,No,Rainy,None,4347,Rush Day,Yes,"Weekend, Bad Weather"
"Gateway of India, Mumbai",Thursday,7,12:00,Yes,Cloudy,Diwali,6894,Rush Day,No,"Holiday, Festival"
"Sun Temple, Konark",Sunday,6,11:00,Yes,Sunny,Christmas,9164,Rush Day,Yes,"Weekend, Holiday, Festival, Good Weather"
Mysore Palace,Thursday,10,11:00,No,Cloudy,Christmas,5309,Rush Day,No,Festival
"Humayun's Tomb, Delhi",Thursday,5,10:00,No,Cloudy,None,1081,Normal Day,No,None
"Amer Fort, Jaipur",Friday,12,20:00,No,Rainy,Pongal,3342,Normal Day,No,"Festival, Bad Weather"
"Hawa Mahal, Jaipur",Monday,8,12:00,Yes,Cloudy,Christmas,4835,Rush Day,No,"Holiday, Festival"
"Kashi Vishwanath Temple, Varanasi",Tuesday,2,15:00,Yes,Cloudy,None,3732,Normal Day,No,Holiday
Mysore Palace,Wednesday,8,20:00,No,Sunny,Diwali,3207,Normal Day,No,"Festival, Good Weather"
"Jama Masjid, Delhi",Tuesday,9,18:00,Yes,Hot,Pongal,6330,Rush Day,No,"Holiday, Festival"
"Lotus Temple, Delhi",Sunday,9,15:00,No,Rainy,Eid,4672,Rush Day,Yes,"Weekend, Festival, Bad Weather"
Fatehpur Sikri,Tuesday,10,20:00,Yes,Cloudy,Holi,5552,Rush Day,No,"Holiday, Festival"
"Jantar Mantar, Jaipur",Thursday,8,10:00,Yes,Sunny,Eid,4586,Rush Day,No,"Holiday, Festival, Good Weather"
"Gateway of India, Mumbai",Tuesday,4,08:00,Yes,Cloudy,Holi,4752,Rush Day,No,"Holiday, Festival"
Elephanta Caves,Wednesday,7,11:00,No,Hot,Christmas,3799,Normal Day,No,Festival
Jaisalmer Fort,Friday,10,18:00,No,Sunny,Christmas,5548,Rush Day,No,"Festival, Good Weather"
"Kashi Vishwanath Temple, Varanasi",Sunday,8,08:00,Yes,Hot,Christmas,7675,Rush Day,Yes,"Weekend, Holiday, Festival"
"Hawa Mahal, Jaipur",Friday,9,12:00,No,Cloudy,Holi,3587,Normal Day,No,Festival
"Hawa Mahal, Jaipur",Sunday,2,18:00,No,Cold,Navratri,6607,Rush Day,Yes,"Weekend, Festival, Bad Weather"
Ajanta & Ellora Caves,Wednesday,7,18:00,Yes,Cloudy,Diwali,6405,Rush Day,No,"Holiday, Festival"
"India Gate, New Delhi",Monday,12,08:00,No,Cloudy,None,2213,Normal Day,No,None
"Mahabodhi Temple, Bodh Gaya",Monday,1,16:00,Yes,Sunny,None,2554,Normal Day,No,"Holiday, Good Weather"
"Mehrangarh Fort, Jodhpur",Thursday,4,09:00,Yes,Rainy,Christmas,7438,Rush Day,No,"Holiday, Festival, Bad Weather"
"Hampi, Karnataka",Sunday,12,16:00,Yes,Cold,Pongal,7131,Rush Day,Yes,"Weekend, Holiday, Festival, Bad Weather"
"Golconda Fort, Hyderabad",Saturday,5,18:00,No,Cold,Diwali,4829,Rush Day,Yes,"Weekend, Festival, Bad Weather"
Ajanta & Ellora Caves,Sunday,5,11:00,No,Cold,Navratri,8140,Rush Day,Yes,"Weekend, Festival, Bad Weather"
Khajuraho Temples,Monday,10,10:00,No,Cloudy,Christmas,3705,Normal Day,No,Festival
"Red Fort, Delhi",Tuesday,2,14:00,No,Cold,Diwali,4315,Rush Day,No,"Festival, Bad Weather"
"Rashtrapati Bhawan, Delhi",Tuesday,7,08:00,No,Rainy,Eid,4922,Rush Day,No,"Festival, Bad Weather"
"Taj Mahal, Agra",Wednesday,2,16:00,No,Hot,Pongal,4574,Rush Day,No,Festival
"Charminar, Hyderabad",Sunday,10,09:00,No,Sunny,Diwali,5746,Rush Day,Yes,"Weekend, Festival, Good Weather"
"Victoria Memorial, Kolkata",Saturday,10,20:00,No,Sunny,Eid,8347,Rush Day,Yes,"Weekend, Festival, Good Weather"
"Mehrangarh Fort, Jodhpur",Tuesday,4,11:00,No,Cold,Christmas,3830,Normal Day,No,"Festival, Bad Weather"
"Jantar Mantar, Jaipur",Monday,10,13:00,No,Cold,Navratri,6320,Rush Day,No,"Festival, Bad Weather"
"Victoria Memorial, Kolkata",Monday,12,18:00,No,Cloudy,Eid,3778,Normal Day,No,Festival
"Golden Temple, Amritsar",Friday,12,13:00,No,Rainy,Pongal,2593,Normal Day,No,"Festival, Bad Weather"
"Taj Mahal, Agra",Sunday,1,18:00,Yes,Cloudy,Christmas,7121,Rush Day,Yes,"Weekend, Holiday, Festival"
"Humayun's Tomb, Delhi",Tuesday,12,10:00,No,Hot,Pongal,4246,Rush Day,No,Festival
"Brihadisvara Temple, Thanjavur",Sunday,6,18:00,Yes,Cold,Eid,6257,Rush Day,Yes,"Weekend, Holiday, Festival, Bad Weather"
"Mehrangarh Fort, Jodhpur",Friday,7,09:00,Yes,Rainy,Eid,3727,Normal Day,No,"Holiday, Festival, Bad Weather"
"Brihadisvara Temple, Thanjavur",Saturday,1,17:00,Yes,Cloudy,Holi,6506,Rush Day,Yes,"Weekend, Holiday, Festival"
"Basilica of Bom Jesu, Goa",Friday,6,20:00,No,Cold,Holi,2217,Normal Day,No,"Festival, Bad Weather"
Sanchi Stupa,Wednesday,4,19:00,Yes,Cloudy,Pongal,4749,Rush Day,No,"Holiday, Festival"
Elephanta Caves,Monday,4,13:00,Yes,Hot,Pongal,5794,Rush Day,No,"Holiday, Festival"
"Hampi, Karnataka",Saturday,6,17:00,Yes,Hot,Christmas,7056,Rush Day,Yes,"Weekend, Holiday, Festival"
"Mahabodhi Temple, Bodh Gaya",Friday,10,18:00,Yes,Hot,Eid,5596,Rush Day,No,"Holiday, Festival"
"Golconda Fort, Hyderabad",Thursday,8,20:00,Yes,Hot,Diwali,5446,Rush Day,No,"Holiday, Festival"
Jaisalmer Fort,Thursday,6,13:00,Yes,Cold,Pongal,4609,Rush Day,No,"Holiday, Festival, Bad Weather"
Jaisalmer Fort,Friday,11,12:00,Yes,Cloudy,None,2519,Normal Day,No,Holiday
"Brihadisvara Temple, Thanjavur",Tuesday,9,20:00,No,Hot,None,2768,Normal Day,No,None
"Lotus Temple, Delhi",Friday,11,09:00,Yes,Hot,Christmas,7123,Rush Day,No,"Holiday, Festival"
"Jantar Mantar, Jaipur",Saturday,2,14:00,Yes,Cloudy,Pongal,7565,Rush Day,Yes,"Weekend, Holiday, Festival"
"Golconda Fort, Hyderabad",Sunday,10,14:00,No,Rainy,Holi,5415,Rush Day,Yes,"Weekend, Festival, Bad Weather"
"Amer Fort, Jaipur",Thursday,7,08:00,Yes,Cold,None,1879,Normal Day,No,"Holiday, Bad Weather"
"Jama Masjid, Delhi",Sunday,9,09:00,Yes,Cold,Diwali,6185,Rush Day,Yes,"Weekend, Holiday, Festival, Bad Weather"
"Jantar Mantar, Jaipur",Tuesday,8,16:00,No,Cloudy,Christmas,6207,Rush Day,No,Festival
"Golconda Fort, Hyderabad",Monday,12,20:00,Yes,Rainy,Pongal,4112,Rush Day,No,"Holiday, Festival, Bad Weather"
"Sun Temple, Konark",Friday,3,16:00,Yes,Cold,Pongal,6609,Rush Day,No,"Holiday, Festival, Bad Weather"
"Lotus Temple, Delhi",Tuesday,3,09:00,Yes,Cloudy,Diwali,4986,Rush Day,No,"Holiday, Festival"
"Kashi Vishwanath Temple, Varanasi",Tuesday,4,17:00,Yes,Cold,Holi,4994,Rush Day,No,"Holiday, Festival, Bad Weather"
"Brihadisvara Temple, Thanjavur",Monday,3,11:00,Yes,Rainy,Pongal,4912,Rush Day,No,"Holiday, Festival, Bad Weather"
"Hampi, Karnataka",Monday,2,11:00,Yes,Rainy,Christmas,5014,Rush Day,No,"Holiday, Festival, Bad Weather"
"Lotus Temple, Delhi",Thursday,12,17:00,No,Cold,Diwali,3914,Normal Day,No,"Festival, Bad Weather"
"Amer Fort, Jaipur",Wednesday,3,18:00,Yes,Rainy,Navratri,4011,Rush Day,No,"Holiday, Festival, Bad Weather"
Khajuraho Temples,Wednesday,6,20:00,Yes,Sunny,Holi,5389,Rush Day,No,"Holiday, Festival, Good Weather"
Fatehpur Sikri,Sunday,12,13:00,No,Cloudy,Eid,5479,Rush Day,Yes,"Weekend, Festival"
Khajuraho Temples,Thursday,9,16:00,Yes,Sunny,Pongal,7579,Rush Day,No,"Holiday, Festival, Good Weather"
"Red Fort, Delhi",Saturday,3,19:00,Yes,Sunny,None,4153,Rush Day,Yes,"Weekend, Holiday, Good Weather"
"Amer Fort, Jaipur",Tuesday,2,14:00,Yes,Cloudy,Pongal,4688,Rush Day,No,"Holiday, Festival"
"Sun Temple, Konark",Monday,12,14:00,Yes,Rainy,Eid,4592,Rush Day,No,"Holiday, Festival, Bad Weather"
"City Palace, Udaipur",Tuesday,11,16:00,Yes,Sunny,Holi,5874,Rush Day,No,"Holiday, Festival, Good Weather"
"Jama Masjid, Delhi",Friday,10,08:00,No,Sunny,Pongal,4527,Rush Day,No,"Festival, Good Weather"
"Kashi Vishwanath Temple, Varanasi",Tuesday,4,08:00,Yes,Sunny,Navratri,4302,Rush Day,No,"Holiday, Festival, Good Weather"
"Amer Fort, Jaipur",Sunday,9,20:00,Yes,Hot,Holi,8501,Rush Day,Yes,"Weekend, Holiday, Festival"
"Jama Masjid, Delhi",Friday,10,18:00,Yes,Rainy,Navratri,6365,Rush Day,No,"Holiday, Festival, Bad Weather"
Fatehpur Sikri,Wednesday,6,18:00,No,Rainy,None,976,Normal Day,No,Bad Weather
Elephanta Caves,Sunday,8,17:00,Yes,Cloudy,Diwali,7509,Rush Day,Yes,"Weekend, Holiday, Festival"
"Lotus Temple, Delhi",Saturday,8,15:00,Yes,Sunny,Diwali,5916,Rush Day,Yes,"Weekend, Holiday, Festival, Good Weather"
Mysore Palace,Monday,12,13:00,No,Hot,Navratri,4652,Rush Day,No,Festival
Elephanta Caves,Friday,7,16:00,Yes,Hot,Pongal,5991,Rush Day,No,"Holiday, Festival"
Fatehpur Sikri,Wednesday,4,18:00,Yes,Cloudy,Christmas,3927,Normal Day,No,"Holiday, Festival"
Elephanta Caves,Tuesday,7,09:00,Yes,Cold,Diwali,4667,Rush Day,No,"Holiday, Festival, Bad Weather"
Ajanta & Ellora Caves,Tuesday,10,14:00,Yes,Rainy,Christmas,5049,Rush Day,No,"Holiday, Festival, Bad Weather"
"Amer Fort, Jaipur",Friday,1,11:00,No,Rainy,Holi,3921,Normal Day,No,"Festival, Bad Weather"
"Jantar Mantar, Jaipur",Wednesday,9,20:00,Yes,Cloudy,Navratri,6964,Rush Day,No,"Holiday, Festival"
"Mehrangarh Fort, Jodhpur",Saturday,6,11:00,Yes,Hot,None,5050,Rush Day,Yes,"Weekend, Holiday"
Ajanta & Ellora Caves,Tuesday,3,18:00,No,Cold,Christmas,4728,Rush Day,No,"Festival, Bad Weather"
Gwalior Fort,Friday,6,15:00,Yes,Rainy,Navratri,5947,Rush Day,No,"Holiday, Festival, Bad Weather"
"Lotus Temple, Delhi",Wednesday,1,20:00,Yes,Hot,Holi,6111,Rush Day,No,"Holiday, Festival"
"India Gate, New Delhi",Monday,9,08:00,Yes,Cloudy,None,1709,Normal Day,No,Holiday
"Sun Temple, Konark",Monday,10,17:00,No,Rainy,Diwali,3609,Normal Day,No,"Festival, Bad Weather"
"Golconda Fort, Hyderabad",Tuesday,9,20:00,Yes,Cold,Diwali,6362,Rush Day,No,"Holiday, Festival, Bad Weather"
"Charminar, Hyderabad",Saturday,11,11:00,Yes,Rainy,Diwali,7065,Rush Day,Yes,"Weekend, Holiday, Festival, Bad Weather"
"Basilica of Bom Jesu, Goa",Friday,1,09:00,No,Sunny,Eid,3017,Normal Day,No,"Festival, Good Weather"
Gwalior Fort,Sunday,1,19:00,No,Cloudy,Pongal,8134,Rush Day,Yes,"Weekend, Festival"
"India Gate, New Delhi",Friday,4,17:00,Yes,Rainy,Christmas,5014,Rush Day,No,"Holiday, Festival, Bad Weather"
"Lotus Temple, Delhi",Wednesday,11,10:00,No,Cloudy,Diwali,3326,Normal Day,No,Festival
"Basilica of Bom Jesu, Goa",Monday,3,12:00,No,Rainy,Holi,2916,Normal Day,No,"Festival, Bad Weather"
"Gateway of India, Mumbai",Tuesday,1,08:00,Yes,Sunny,Christmas,4381,Rush Day,No,"Holiday, Festival, Good Weather"
"Humayun's Tomb, Delhi",Saturday,8,08:00,No,Rainy,Christmas,6708,Rush Day,Yes,"Weekend, Festival, Bad Weather"
"Victoria Memorial, Kolkata",Tuesday,1,16:00,Yes,Rainy,Pongal,3640,Normal Day,No,"Holiday, Festival, Bad Weather"
Ajanta & Ellora Caves,Monday,2,15:00,Yes,Cloudy,Diwali,6078,Rush Day,No,"Holiday, Festival"
Sanchi Stupa,Wednesday,5,08:00,No,Rainy,None,1453,Normal Day,No,Bad Weather
"Charminar, Hyderabad",Friday,5,11:00,Yes,Cold,Navratri,5163,Rush Day,No,"Holiday, Festival, Bad Weather"
"Jantar Mantar, Jaipur",Friday,8,13:00,Yes,Cloudy,Pongal,4607,Rush Day,No,"Holiday, Festival"
"Kashi Vishwanath Temple, Varanasi",Saturday,4,09:00,Yes,Hot,Navratri,7727,Rush Day,Yes,"Weekend, Holiday, Festival"
"Golconda Fort, Hyderabad",Saturday,11,20:00,No,Cloudy,Pongal,8097,Rush Day,Yes,"Weekend, Festival"
"Charminar, Hyderabad",Friday,12,13:00,Yes,Rainy,Pongal,5073,Rush Day,No,"Holiday, Festival, Bad Weather"
"City Palace, Udaipur",Thursday,12,09:00,No,Hot,Diwali,2970,Normal Day,No,Festival
Agra Fort,Friday,2,13:00,No,Cold,None,896,Normal Day,No,Bad Weather
"Charminar, Hyderabad",Saturday,6,15:00,Yes,Sunny,Diwali,8713,Rush Day,Yes,"Weekend, Holiday, Festival, Good Weather"
"Red Fort, Delhi",Tuesday,6,16:00,No,Rainy,Holi,4326,Rush Day,No,"Festival, Bad Weather"
"Dilwara Temples, Mount Abu",Friday,9,08:00,No,Hot,Pongal,4274,Rush Day,No,Festival
"Kashi Vishwanath Temple, Varanasi",Wednesday,4,13:00,No,Hot,Christmas,5791,Rush Day,No,Festival
"Victoria Memorial, Kolkata",Saturday,7,08:00,No,Cold,Diwali,4909,Rush Day,Yes,"Weekend, Festival, Bad Weather"
"Basilica of Bom Jesu, Goa",Friday,7,20:00,Yes,Rainy,None,1381,Normal Day,No,"Holiday, Bad Weather"
"Taj Mahal, Agra",Monday,2,13:00,No,Cold,Pongal,4247,Rush Day,No,"Festival, Bad Weather"
Ajanta & Ellora Caves,Friday,4,14:00,Yes,Rainy,None,2929,Normal Day,No,"Holiday, Bad Weather"
"Kamakhya Temple, Guwahati",Monday,4,18:00,Yes,Cloudy,Navratri,4576,Rush Day,No,"Holiday, Festival"
Fatehpur Sikri,Saturday,6,17:00,Yes,Cloudy,None,3989,Normal Day,Yes,"Weekend, Holiday"
"Jama Masjid, Delhi",Wednesday,1,19:00,Yes,Cold,Eid,6011,Rush Day,No,"Holiday, Festival, Bad Weather"
Elephanta Caves,Tuesday,8,08:00,No,Hot,Eid,3172,Normal Day,No,Festival
Sanchi Stupa,Friday,4,17:00,No,Sunny,Diwali,4288,Rush Day,No,"Festival, Good Weather"
"Bara Imambara, Lucknow",Thursday,5,08:00,No,Cold,Pongal,2681,Normal Day,No,"Festival, Bad Weather"
"Jantar Mantar, Jaipur",Tuesday,9,14:00,Yes,Hot,None,3969,Normal Day,No,Holiday
"Golden Temple, Amritsar",Tuesday,4,17:00,No,Sunny,Diwali,6873,Rush Day,No,"Festival, Good Weather"
Jaisalmer Fort,Wednesday,8,11:00,Yes,Hot,None,2124,Normal Day,No,Holiday
"Charminar, Hyderabad",Friday,7,10:00,No,Hot,Eid,4764,Rush Day,No,Festival
"Lotus Temple, Delhi",Thursday,1,14:00,No,Rainy,Pongal,3375,Normal Day,No,"Festival, Bad Weather"
"Jantar Mantar, Jaipur",Monday,4,19:00,Yes,Sunny,Pongal,7396,Rush Day,No,"Holiday, Festival, Good Weather"
Khajuraho Temples,Wednesday,1,19:00,Yes,Sunny,Eid,5115,Rush Day,No,"Holiday, Festival, Good Weather"
"Rashtrapati Bhawan, Delhi",Saturday,2,17:00,No,Cold,Navratri,4686,Rush Day,Yes,"Weekend, Festival, Bad Weather"
"Qutub Minar, Delhi",Wednesday,10,12:00,No,Rainy,None,2475,Normal Day,No,Bad Weather
Ajanta & Ellora Caves,Saturday,6,11:00,No,Cold,Eid,6585,Rush Day,Yes,"Weekend, Festival, Bad Weather"
"Lotus Temple, Delhi",Tuesday,9,15:00,No,Sunny,Navratri,4862,Rush Day,No,"Festival, Good Weather"
"Victoria Memorial, Kolkata",Saturday,4,12:00,No,Rainy,None,2996,Normal Day,Yes,"Weekend, Bad Weather"
"Meenakshi Temple, Madurai",Friday,9,12:00,Yes,Cold,Christmas,4753,Rush Day,No,"Holiday, Festival, Bad Weather"
Ajanta & Ellora Caves,Saturday,12,13:00,No,Hot,Pongal,6773,Rush Day,Yes,"Weekend, Festival"
"Brihadisvara Temple, Thanjavur",Saturday,8,15:00,Yes,Rainy,Eid,6590,Rush Day,Yes,"Weekend, Holiday, Festival, Bad Weather"
Khajuraho Temples,Wednesday,9,19:00,No,Rainy,Pongal,5953,Rush Day,No,"Festival, Bad Weather"
"Mehrangarh Fort, Jodhpur",Monday,5,09:00,No,Rainy,Eid,4945,Rush Day,No,"Festival, Bad Weather"
Ajanta & Ellora Caves,Monday,5,18:00,No,Rainy,Christmas,4365,Rush Day,No,"Festival, Bad Weather"
"Meenakshi Temple, Madurai",Saturday,8,16:00,No,Cloudy,None,4057,Rush Day,Yes,Weekend
"India Gate, New Delhi",Monday,9,11:00,Yes,Cold,Holi,4857,Rush Day,No,"Holiday, Festival, Bad Weather"
"Rashtrapati Bhawan, Delhi",Tuesday,12,16:00,No,Cloudy,Navratri,6642,Rush Day,No,Festival
"Jama Masjid, Delhi",Thursday,4,20:00,No,Rainy,Christmas,4571,Rush Day,No,"Festival, Bad Weather"
"Golden Temple, Amritsar",Wednesday,1,11:00,No,Cold,Navratri,4385,Rush Day,No,"Festival, Bad Weather"
"Meenakshi Temple, Madurai",Friday,5,08:00,Yes,Cold,Christmas,4817,Rush Day,No,"Holiday, Festival, Bad Weather"
"Kamakhya Temple, Guwahati",Thursday,1,13:00,Yes,Cold,Holi,5023,Rush Day,No,"Holiday, Festival, Bad Weather"
Sanchi Stupa,Tuesday,3,11:00,Yes,Cold,Pongal,4670,Rush Day,No,"Holiday, Festival, Bad Weather"
"Sun Temple, Konark",Thursday,1,12:00,Yes,Hot,Christmas,5567,Rush Day,No,"Holiday, Festival"
"City Palace, Udaipur",Friday,7,12:00,Yes,Sunny,Diwali,5416,Rush Day,No,"Holiday, Festival, Good Weather"
Jaisalmer Fort,Thursday,7,08:00,Yes,Rainy,Holi,5078,Rush Day,No,"Holiday, Festival, Bad Weather"
"City Palace, Udaipur",Thursday,3,10:00,No,Cloudy,Diwali,3411,Normal Day,No,Festival
"Bara Imambara, Lucknow",Monday,11,09:00,Yes,Hot,Eid,4693,Rush Day,No,"Holiday, Festival"
"Humayun's Tomb, Delhi",Tuesday,11,20:00,Yes,Cloudy,Navratri,5174,Rush Day,No,"Holiday, Festival"
"Sun Temple, Konark",Sunday,2,10:00,Yes,Cloudy,None,4322,Rush Day,Yes,"Weekend, Holiday"
"Qutub Minar, Delhi",Tuesday,5,20:00,Yes,Sunny,Pongal,7525,Rush Day,No,"Holiday, Festival, Good Weather"
"Amer Fort, Jaipur",Thursday,7,17:00,Yes,Rainy,Navratri,5238,Rush Day,No,"Holiday, Festival, Bad Weather"
Gwalior Fort,Sunday,6,17:00,No,Hot,Eid,5251,Rush Day,Yes,"Weekend, Festival"
"Brihadisvara Temple, Thanjavur",Wednesday,12,19:00,Yes,Rainy,Christmas,5502,Rush Day,No,"Holiday, Festival, Bad Weather"
"Kashi Vishwanath Temple, Varanasi",Friday,4,13:00,No,Cold,Holi,4110,Rush Day,No,"Festival, Bad Weather"
Gwalior Fort,Saturday,12,14:00,Yes,Cloudy,Christmas,6873,Rush Day,Yes,"Weekend, Holiday, Festival"
"Mahabodhi Temple, Bodh Gaya",Friday,8,13:00,Yes,Rainy,Eid,5802,Rush Day,No,"Holiday, Festival, Bad Weather"
"City Palace, Udaipur",Thursday,1,19:00,Yes,Cold,Diwali,4666,Rush Day,No,"Holiday, Festival, Bad Weather"
"Red Fort, Delhi",Friday,5,12:00,No,Sunny,Diwali,5521,Rush Day,No,"Festival, Good Weather"
"Mehrangarh Fort, Jodhpur",Friday,11,11:00,Yes,Rainy,Navratri,6721,Rush Day,No,"Holiday, Festival, Bad Weather"
"Taj Mahal, Agra",Monday,12,09:00,Yes,Cold,Diwali,4137,Rush Day,No,"Holiday, Festival, Bad Weather"
"Mehrangarh Fort, Jodhpur",Tuesday,6,14:00,No,Cloudy,Diwali,4725,Rush Day,No,Festival
"Sun Temple, Konark",Wednesday,8,18:00,No,Cloudy,None,2116,Normal Day,No,None
"Lotus Temple, Delhi",Monday,8,12:00,Yes,Cloudy,Christmas,6157,Rush Day,No,"Holiday, Festival"
Fatehpur Sikri,Thursday,8,12:00,No,Hot,Eid,3664,Normal Day,No,Festival
Fatehpur Sikri,Monday,6,10:00,No,Sunny,Eid,3756,Normal Day,No,"Festival, Good Weather"
Ajanta & Ellora Caves,Friday,5,18:00,No,Hot,Christmas,4382,Rush Day,No,Festival
Fatehpur Sikri,Thursday,11,16:00,No,Cold,None,2154,Normal Day,No,Bad Weather
"Hampi, Karnataka",Saturday,4,16:00,Yes,Sunny,Eid,8050,Rush Day,Yes,"Weekend, Holiday, Festival, Good Weather"
"Qutub Minar, Delhi",Wednesday,11,19:00,No,Rainy,Eid,3721,Normal Day,No,"Festival, Bad Weather"
"Golconda Fort, Hyderabad",Tuesday,7,14:00,No,Sunny,Christmas,5471,Rush Day,No,"Festival, Good Weather"
"Golconda Fort, Hyderabad",Monday,7,20:00,No,Sunny,None,3002,Normal Day,No,Good Weather
"Basilica of Bom Jesu, Goa",Thursday,10,16:00,No,Cloudy,Eid,3292,Normal Day,No,Festival
"Golconda Fort, Hyderabad",Saturday,6,16:00,No,Rainy,Navratri,5482,Rush Day,Yes,"Weekend, Festival, Bad Weather"
"Meenakshi Temple, Madurai",Saturday,3,12:00,Yes,Cold,Eid,8234,Rush Day,Yes,"Weekend, Holiday, Festival, Bad Weather"
"Dilwara Temples, Mount Abu",Wednesday,5,15:00,No,Cloudy,Navratri,5173,Rush Day,No,Festival
"Jantar Mantar, Jaipur",Thursday,3,13:00,Yes,Cloudy,Navratri,5124,Rush Day,No,"Holiday, Festival"
"Meenakshi Temple, Madurai",Wednesday,8,16:00,Yes,Sunny,Navratri,5882,Rush Day,No,"Holiday, Festival, Good Weather"
"Hawa Mahal, Jaipur",Thursday,6,08:00,No,Hot,None,1555,Normal Day,No,None
"Gateway of India, Mumbai",Saturday,4,09:00,Yes,Sunny,Eid,8344,Rush Day,Yes,"Weekend, Holiday, Festival, Good Weather"
"Jama Masjid, Delhi",Monday,12,19:00,Yes,Rainy,Navratri,4233,Rush Day,No,"Holiday, Festival, Bad Weather"
"India Gate, New Delhi",Thursday,7,19:00,No,Sunny,Navratri,4583,Rush Day,No,"Festival, Good Weather"
Jaisalmer Fort,Sunday,7,19:00,No,Sunny,Eid,5318,Rush Day,Yes,"Weekend, Festival, Good Weather"
Gwalior Fort,Friday,10,14:00,No,Cloudy,Eid,4791,Rush Day,No,Festival
Sanchi Stupa,Monday,11,11:00,No,Hot,Diwali,4575,Rush Day,No,Festival
"Taj Mahal, Agra",Tuesday,3,17:00,Yes,Rainy,Pongal,4733,Rush Day,No,"Holiday, Festival, Bad Weather"
"Humayun's Tomb, Delhi",Monday,5,14:00,Yes,Sunny,Eid,6744,Rush Day,No,"Holiday, Festival, Good Weather"
Agra Fort,Saturday,7,14:00,Yes,Cloudy,Diwali,8655,Rush Day,Yes,"Weekend, Holiday, Festival"
"Golconda Fort, Hyderabad",Saturday,7,10:00,Yes,Rainy,Eid,7540,Rush Day,Yes,"Weekend, Holiday, Festival, Bad Weather"
"Kamakhya Temple, Guwahati",Sunday,1,16:00,No,Cold,Eid,5873,Rush Day,Yes,"Weekend, Festival, Bad Weather"
"Amer Fort, Jaipur",Friday,2,15:00,No,Rainy,None,2037,Normal Day,No,Bad Weather
"Kashi Vishwanath Temple, Varanasi",Wednesday,3,11:00,No,Rainy,Diwali,4812,Rush Day,No,"Festival, Bad Weather"
Ajanta & Ellora Caves,Sunday,7,13:00,Yes,Cloudy,Navratri,7072,Rush Day,Yes,"Weekend, Holiday, Festival"
"Mahabodhi Temple, Bodh Gaya",Wednesday,3,14:00,No,Sunny,Holi,6905,Rush Day,No,"Festival, Good Weather"
"Lotus Temple, Delhi",Saturday,9,16:00,Yes,Sunny,Christmas,8674,Rush Day,Yes,"Weekend, Holiday, Festival, Good Weather"
"Red Fort, Delhi",Sunday,8,08:00,No,Rainy,Holi,4782,Rush Day,Yes,"Weekend, Festival, Bad Weather"
Sanchi Stupa,Thursday,11,17:00,No,Sunny,Navratri,5701,Rush Day,No,"Festival, Good Weather"
"Victoria Memorial, Kolkata",Sunday,2,14:00,Yes,Cold,Pongal,6062,Rush Day,Yes,"Weekend, Holiday, Festival, Bad Weather"
"Jama Masjid, Delhi",Wednesday,6,16:00,No,Sunny,Navratri,4086,Rush Day,No,"Festival, Good Weather"
"Jama Masjid, Delhi",Thursday,4,08:00,No,Cold,Diwali,3451,Normal Day,No,"Festival, Bad Weather"
"India Gate, New Delhi",Saturday,2,18:00,Yes,Sunny,Eid,8553,Rush Day,Yes,"Weekend, Holiday, Festival, Good Weather"
"Lotus Temple, Delhi",Thursday,12,13:00,No,Cold,Pongal,3919,Normal Day,No,"Festival, Bad Weather"
"Jantar Mantar, Jaipur",Sunday,11,20:00,No,Rainy,Eid,6088,Rush Day,Yes,"Weekend, Festival, Bad Weather"
"Victoria Memorial, Kolkata",Monday,4,09:00,No,Rainy,Diwali,3484,Normal Day,No,"Festival, Bad Weather"
"Amer Fort, Jaipur",Saturday,4,17:00,No,Sunny,None,3994,Normal Day,Yes,"Weekend, Good Weather"
"Sun Temple, Konark",Sunday,9,15:00,No,Cold,Diwali,6467,Rush Day,Yes,"Weekend, Festival, Bad Weather"
Gwalior Fort,Thursday,5,12:00,Yes,Cold,Pongal,5815,Rush Day,No,"Holiday, Festival, Bad Weather"
"Gateway of India, Mumbai",Tuesday,7,13:00,Yes,Sunny,Holi,7168,Rush Day,No,"Holiday, Festival, Good Weather"
"Golconda Fort, Hyderabad",Saturday,1,20:00,Yes,Cloudy,Diwali,9436,Rush Day,Yes,"Weekend, Holiday, Festival"
"Taj Mahal, Agra",Thursday,7,13:00,Yes,Cloudy,Diwali,5397,Rush Day,No,"Holiday, Festival"
Mysore Palace,Tuesday,1,19:00,Yes,Cloudy,Pongal,4079,Rush Day,No,"Holiday, Festival"
Mysore Palace,Monday,8,14:00,No,Sunny,None,1830,Normal Day,No,Good Weather
"Brihadisvara Temple, Thanjavur",Sunday,10,19:00,No,Hot,Eid,7770,Rush Day,Yes,"Weekend, Festival"
"Golden Temple, Amritsar",Monday,11,16:00,No,Cold,Navratri,3769,Normal Day,No,"Festival, Bad Weather"
"Meenakshi Temple, Madurai",Monday,6,16:00,Yes,Sunny,Pongal,6638,Rush Day,No,"Holiday, Festival, Good Weather"
"Jantar Mantar, Jaipur",Friday,3,12:00,Yes,Cold,Diwali,5056,Rush Day,No,"Holiday, Festival, Bad Weather"
"Mahabodhi Temple, Bodh Gaya",Thursday,9,13:00,No,Sunny,Christmas,5587,Rush Day,No,"Festival, Good Weather"
"Golconda Fort, Hyderabad",Monday,10,16:00,Yes,Rainy,Diwali,5936,Rush Day,No,"Holiday, Festival, Bad Weather"
Elephanta Caves,Thursday,2,08:00,No,Cloudy,Pongal,4680,Rush Day,No,Festival
Mysore Palace,Thursday,12,20:00,No,Sunny,Christmas,6336,Rush Day,No,"Festival, Good Weather"
"Jama Masjid, Delhi",Sunday,7,19:00,Yes,Hot,Eid,8080,Rush Day,Yes,"Weekend, Holiday, Festival"
Sanchi Stupa,Thursday,2,18:00,No,Cloudy,Pongal,4018,Rush Day,No,Festival
"Rashtrapati Bhawan, Delhi",Monday,9,13:00,Yes,Rainy,Eid,4312,Rush Day,No,"Holiday, Festival, Bad Weather"
Khajuraho Temples,Tuesday,1,08:00,Yes,Sunny,Eid,5350,Rush Day,No,"Holiday, Festival, Good Weather"
"Brihadisvara Temple, Thanjavur",Monday,8,17:00,Yes,Hot,None,2691,Normal Day,No,Holiday
"Dilwara Temples, Mount Abu",Thursday,8,09:00,Yes,Sunny,Eid,5138,Rush Day,No,"Holiday, Festival, Good Weather"
"Charminar, Hyderabad",Saturday,6,12:00,Yes,Hot,None,3519,Normal Day,Yes,"Weekend, Holiday"
"City Palace, Udaipur",Saturday,5,15:00,No,Rainy,None,3478,Normal Day,Yes,"Weekend, Bad Weather"
"Golconda Fort, Hyderabad",Monday,8,19:00,Yes,Hot,Pongal,7511,Rush Day,No,"Holiday, Festival"
Fatehpur Sikri,Friday,12,14:00,No,Hot,Navratri,3808,Normal Day,No,Festival
"India Gate, New Delhi",Sunday,11,12:00,No,Sunny,Eid,4838,Rush Day,Yes,"Weekend, Festival, Good Weather"
"Charminar, Hyderabad",Thursday,8,13:00,No,Rainy,Pongal,3824,Normal Day,No,"Festival, Bad Weather"
"Golden Temple, Amritsar",Thursday,6,13:00,No,Rainy,Holi,4349,Rush Day,No,"Festival, Bad Weather"
"Rashtrapati Bhawan, Delhi",Monday,1,18:00,Yes,Cold,None,3001,Normal Day,No,"Holiday, Bad Weather"
"Lotus Temple, Delhi",Tuesday,5,20:00,Yes,Hot,Navratri,5228,Rush Day,No,"Holiday, Festival"
"Gateway of India, Mumbai",Friday,1,09:00,Yes,Hot,Diwali,5205,Rush Day,No,"Holiday, Festival"
"Hampi, Karnataka",Wednesday,10,13:00,Yes,Sunny,Navratri,4820,Rush Day,No,"Holiday, Festival, Good Weather"
"Brihadisvara Temple, Thanjavur",Monday,11,15:00,No,Sunny,Navratri,4940,Rush Day,No,"Festival, Good Weather"
"Gateway of India, Mumbai",Friday,12,15:00,Yes,Sunny,Navratri,4829,Rush Day,No,"Holiday, Festival, Good Weather"
"Brihadisvara Temple, Thanjavur",Monday,7,12:00,Yes,Cold,Diwali,4274,Rush Day,No,"Holiday, Festival, Bad Weather"
"Rashtrapati Bhawan, Delhi",Saturday,1,14:00,No,Hot,Navratri,6117,Rush Day,Yes,"Weekend, Festival"
"Jama Masjid, Delhi",Friday,7,08:00,Yes,Cloudy,Diwali,4469,Rush Day,No,"Holiday, Festival"
Jaisalmer Fort,Saturday,2,14:00,No,Hot,Holi,6051,Rush Day,Yes,"Weekend, Festival"
"Lotus Temple, Delhi",Tuesday,10,16:00,Yes,Sunny,Holi,6595,Rush Day,No,"Holiday, Festival, Good Weather"
"Lotus Temple, Delhi",Thursday,1,12:00,No,Sunny,Christmas,5834,Rush Day,No,"Festival, Good Weather"
"City Palace, Udaipur",Friday,5,12:00,Yes,Cold,Christmas,4548,Rush Day,No,"Holiday, Festival, Bad Weather"
"Gateway of India, Mumbai",Friday,9,11:00,Yes,Hot,Diwali,5001,Rush Day,No,"Holiday, Festival"
"Amer Fort, Jaipur",Friday,7,14:00,Yes,Rainy,Christmas,5665,Rush Day,No,"Holiday, Festival, Bad Weather"
Ajanta & Ellora Caves,Saturday,1,13:00,Yes,Rainy,None,4541,Rush Day,Yes,"Weekend, Holiday, Bad Weather"
"Charminar, Hyderabad",Wednesday,3,11:00,Yes,Cold,Eid,3303,Normal Day,No,"Holiday, Festival, Bad Weather"
"City Palace, Udaipur",Sunday,11,14:00,No,Cold,None,4332,Rush Day,Yes,"Weekend, Bad Weather"
Fatehpur Sikri,Wednesday,4,18:00,No,Cold,Diwali,3148,Normal Day,No,"Festival, Bad Weather"
Agra Fort,Tuesday,6,18:00,No,Rainy,Navratri,4165,Rush Day,No,"Festival, Bad Weather"
"Victoria Memorial, Kolkata",Saturday,1,12:00,Yes,Sunny,None,4589,Rush Day,Yes,"Weekend, Holiday, Good Weather"
Gwalior Fort,Sunday,3,08:00,Yes,Cold,Navratri,7115,Rush Day,Yes,"Weekend, Holiday, Festival, Bad Weather"
Agra Fort,Saturday,12,18:00,Yes,Rainy,Christmas,7941,Rush Day,Yes,"Weekend, Holiday, Festival, Bad Weather"
"Red Fort, Delhi",Friday,11,13:00,Yes,Hot,Eid,6764,Rush Day,No,"Holiday, Festival"
Mysore Palace,Saturday,10,13:00,Yes,Cold,Navratri,8059,Rush Day,Yes,"Weekend, Holiday, Festival, Bad Weather"
"Basilica of Bom Jesu, Goa",Tuesday,11,11:00,No,Sunny,Eid,2938,Normal Day,No,"Festival, Good Weather"
Khajuraho Temples,Sunday,9,18:00,No,Cloudy,None,2635,Normal Day,Yes,Weekend
"Taj Mahal, Agra",Friday,7,13:00,Yes,Hot,Pongal,6058,Rush Day,No,"Holiday, Festival"
"Brihadisvara Temple, Thanjavur",Monday,7,13:00,No,Cloudy,Diwali,6036,Rush Day,No,Festival
"Humayun's Tomb, Delhi",Sunday,4,10:00,Yes,Sunny,None,4840,Rush Day,Yes,"Weekend, Holiday, Good Weather"
"Kamakhya Temple, Guwahati",Tuesday,2,18:00,No,Hot,Diwali,3413,Normal Day,No,Festival
"Humayun's Tomb, Delhi",Monday,10,19:00,Yes,Cloudy,Pongal,5149,Rush Day,No,"Holiday, Festival"
"City Palace, Udaipur",Saturday,10,09:00,No,Hot,Christmas,5103,Rush Day,Yes,"Weekend, Festival"
"Golconda Fort, Hyderabad",Friday,12,14:00,No,Rainy,Diwali,4153,Rush Day,No,"Festival, Bad Weather"
"Hampi, Karnataka",Monday,3,15:00,No,Rainy,Christmas,4946,Rush Day,No,"Festival, Bad Weather"
Jaisalmer Fort,Thursday,7,20:00,No,Sunny,Navratri,4581,Rush Day,No,"Festival, Good Weather"
"India Gate, New Delhi",Saturday,7,10:00,Yes,Cloudy,Navratri,7336,Rush Day,Yes,"Weekend, Holiday, Festival"
"Kamakhya Temple, Guwahati",Saturday,6,13:00,Yes,Rainy,None,4485,Rush Day,Yes,"Weekend, Holiday, Bad Weather"
"Amer Fort, Jaipur",Wednesday,11,11:00,Yes,Hot,Christmas,4164,Rush Day,No,"Holiday, Festival"
"Charminar, Hyderabad",Saturday,4,10:00,No,Sunny,Eid,8626,Rush Day,Yes,"Weekend, Festival, Good Weather"
"Mahabodhi Temple, Bodh Gaya",Tuesday,6,18:00,Yes,Sunny,Navratri,5528,Rush Day,No,"Holiday, Festival, Good Weather"
Sanchi Stupa,Saturday,5,20:00,No,Sunny,Eid,7575,Rush Day,Yes,"Weekend, Festival, Good Weather"
"Amer Fort, Jaipur",Friday,5,14:00,No,Sunny,Holi,5168,Rush Day,No,"Festival, Good Weather"
Khajuraho Temples,Saturday,7,15:00,No,Sunny,None,4396,Rush Day,Yes,"Weekend, Good Weather"
"Mehrangarh Fort, Jodhpur",Saturday,8,10:00,Yes,Cloudy,None,4481,Rush Day,Yes,"Weekend, Holiday"
"Lotus Temple, Delhi",Friday,12,12:00,Yes,Cloudy,Navratri,5672,Rush Day,No,"Holiday, Festival"
"Gateway of India, Mumbai",Monday,2,16:00,No,Cold,Eid,2425,Normal Day,No,"Festival, Bad Weather"
"City Palace, Udaipur",Tuesday,1,19:00,Yes,Sunny,Navratri,8027,Rush Day,No,"Holiday, Festival, Good Weather"
Sanchi Stupa,Friday,11,17:00,No,Hot,None,1300,Normal Day,No,None
Sanchi Stupa,Saturday,6,09:00,Yes,Cold,Christmas,7998,Rush Day,Yes,"Weekend, Holiday, Festival, Bad Weather"
"Kamakhya Temple, Guwahati",Tuesday,6,10:00,Yes,Cold,Diwali,5211,Rush Day,No,"Holiday, Festival, Bad Weather"
"Kashi Vishwanath Temple, Varanasi",Friday,1,10:00,Yes,Cold,None,1831,Normal Day,No,"Holiday, Bad Weather"
Ajanta & Ellora Caves,Monday,9,12:00,No,Hot,Christmas,6034,Rush Day,No,Festival
"Golconda Fort, Hyderabad",Sunday,11,12:00,No,Rainy,Holi,5168,Rush Day,Yes,"Weekend, Festival, Bad Weather"
Jaisalmer Fort,Saturday,3,16:00,No,Hot,Holi,6278,Rush Day,Yes,"Weekend, Festival"
Mysore Palace,Monday,12,20:00,No,Cloudy,None,2827,Normal Day,No,None
"Qutub Minar, Delhi",Monday,3,17:00,Yes,Rainy,Christmas,5554,Rush Day,No,"Holiday, Festival, Bad Weather"
"Taj Mahal, Agra",Monday,12,20:00,No,Hot,Christmas,4380,Rush Day,No,Festival
"Hawa Mahal, Jaipur",Saturday,5,16:00,Yes,Cold,Christmas,6668,Rush Day,Yes,"Weekend, Holiday, Festival, Bad Weather"
"Hampi, Karnataka",Thursday,3,14:00,Yes,Hot,Christmas,7422,Rush Day,No,"Holiday, Festival"
"Dilwara Temples, Mount Abu",Sunday,5,11:00,No,Hot,Pongal,7532,Rush Day,Yes,"Weekend, Festival"
"Meenakshi Temple, Madurai",Monday,12,18:00,Yes,Rainy,Diwali,6307,Rush Day,No,"Holiday, Festival, Bad Weather"
"India Gate, New Delhi",Sunday,8,17:00,No,Hot,Christmas,6217,Rush Day,Yes,"Weekend, Festival"
"Jama Masjid, Delhi",Thursday,6,08:00,No,Rainy,Holi,4363,Rush Day,No,"Festival, Bad Weather"
"Dilwara Temples, Mount Abu",Wednesday,3,17:00,No,Cloudy,Navratri,4391,Rush Day,No,Festival
"Golconda Fort, Hyderabad",Saturday,6,09:00,No,Cloudy,Christmas,5904,Rush Day,Yes,"Weekend, Festival"
"Hampi, Karnataka",Wednesday,7,16:00,No,Sunny,Diwali,4620,Rush Day,No,"Festival, Good Weather"
"Golden Temple, Amritsar",Saturday,5,17:00,Yes,Sunny,Eid,7123,Rush Day,Yes,"Weekend, Holiday, Festival, Good Weather"
"Humayun's Tomb, Delhi",Monday,3,12:00,No,Cold,Navratri,5506,Rush Day,No,"Festival, Bad Weather"
"Amer Fort, Jaipur",Tuesday,5,13:00,Yes,Cloudy,None,3541,Normal Day,No,Holiday
Mysore Palace,Monday,12,13:00,No,Cold,Navratri,2915,Normal Day,No,"Festival, Bad Weather"
Sanchi Stupa,Wednesday,3,19:00,No,Cloudy,Eid,4906,Rush Day,No,Festival
"Rashtrapati Bhawan, Delhi",Sunday,3,08:00,Yes,Hot,Navratri,6339,Rush Day,Yes,"Weekend, Holiday, Festival"
Mysore Palace,Saturday,7,20:00,No,Cloudy,Christmas,5193,Rush Day,Yes,"Weekend, Festival"
"Golconda Fort, Hyderabad",Sunday,10,18:00,No,Cloudy,None,4445,Rush Day,Yes,Weekend
Agra Fort,Wednesday,3,10:00,No,Sunny,Holi,4668,Rush Day,No,"Festival, Good Weather"
"Charminar, Hyderabad",Saturday,9,13:00,Yes,Cold,Diwali,7193,Rush Day,Yes,"Weekend, Holiday, Festival, Bad Weather"
"Taj Mahal, Agra",Tuesday,2,18:00,Yes,Sunny,Eid,5194,Rush Day,No,"Holiday, Festival, Good Weather"
"Bara Imambara, Lucknow",Friday,4,15:00,No,Hot,Pongal,5140,Rush Day,No,Festival
"Gateway of India, Mumbai",Thursday,1,09:00,Yes,Cold,Diwali,5103,Rush Day,No,"Holiday, Festival, Bad Weather"
Jaisalmer Fort,Saturday,10,19:00,Yes,Rainy,Eid,5357,Rush Day,Yes,"Weekend, Holiday, Festival, Bad Weather"
Fatehpur Sikri,Thursday,4,12:00,No,Hot,Diwali,4480,Rush Day,No,Festival
"Dilwara Temples, Mount Abu",Wednesday,10,09:00,No,Hot,Christmas,4630,Rush Day,No,Festival
Sanchi Stupa,Thursday,3,19:00,No,Cloudy,Holi,4389,Rush Day,No,Festival
Agra Fort,Saturday,1,14:00,Yes,Sunny,None,4765,Rush Day,Yes,"Weekend, Holiday, Good Weather"
"Basilica of Bom Jesu, Goa",Saturday,12,10:00,No,Hot,Navratri,6833,Rush Day,Yes,"Weekend, Festival"
Agra Fort,Monday,11,08:00,Yes,Cloudy,Holi,6925,Rush Day,No,"Holiday, Festival"
"Golconda Fort, Hyderabad",Tuesday,12,12:00,No,Cold,Christmas,4127,Rush Day,No,"Festival, Bad Weather"
"Red Fort, Delhi",Wednesday,1,08:00,Yes,Sunny,Holi,4303,Rush Day,No,"Holiday, Festival, Good Weather"
"Red Fort, Delhi",Monday,2,18:00,Yes,Cold,Eid,4109,Rush Day,No,"Holiday, Festival, Bad Weather"
Agra Fort,Friday,1,20:00,No,Sunny,None,2788,Normal Day,No,Good Weather
"Kashi Vishwanath Temple, Varanasi",Tuesday,11,09:00,No,Rainy,Navratri,3385,Normal Day,No,"Festival, Bad Weather"
"City Palace, Udaipur",Monday,1,17:00,Yes,Rainy,Christmas,5503,Rush Day,No,"Holiday, Festival, Bad Weather"
"Jama Masjid, Delhi",Saturday,11,08:00,No,Sunny,None,3352,Normal Day,Yes,"Weekend, Good Weather"
Elephanta Caves,Friday,10,11:00,Yes,Sunny,Navratri,6822,Rush Day,No,"Holiday, Festival, Good Weather"
"Qutub Minar, Delhi",Monday,5,12:00,Yes,Cold,Eid,6046,Rush Day,No,"Holiday, Festival, Bad Weather"
"Jama Masjid, Delhi",Sunday,7,09:00,No,Cold,Pongal,6897,Rush Day,Yes,"Weekend, Festival, Bad Weather"
"Taj Mahal, Agra",Thursday,5,14:00,Yes,Hot,Pongal,4323,Rush Day,No,"Holiday, Festival"
"Basilica of Bom Jesu, Goa",Wednesday,2,13:00,No,Hot,None,2509,Normal Day,No,None
"Meenakshi Temple, Madurai",Sunday,9,09:00,No,Cloudy,None,4228,Rush Day,Yes,Weekend
Ajanta & Ellora Caves,Monday,5,12:00,No,Cold,Eid,4602,Rush Day,No,"Festival, Bad Weather"
"Golden Temple, Amritsar",Monday,11,19:00,Yes,Cloudy,Christmas,6465,Rush Day,No,"Holiday, Festival"
Jaisalmer Fort,Monday,7,15:00,Yes,Cold,Diwali,6694,Rush Day,No,"Holiday, Festival, Bad Weather"
"Dilwara Temples, Mount Abu",Thursday,2,12:00,Yes,Hot,None,3140,Normal Day,No,Holiday
"Kashi Vishwanath Temple, Varanasi",Tuesday,7,08:00,Yes,Sunny,Navratri,5539,Rush Day,No,"Holiday, Festival, Good Weather"
"Jama Masjid, Delhi",Tuesday,3,10:00,No,Cloudy,Eid,4451,Rush Day,No,Festival
"City Palace, Udaipur",Thursday,10,19:00,No,Sunny,Diwali,4482,Rush Day,No,"Festival, Good Weather"
Fatehpur Sikri,Wednesday,12,08:00,No,Cloudy,Pongal,4542,Rush Day,No,Festival
Jaisalmer Fort,Saturday,3,11:00,No,Rainy,Eid,7702,Rush Day,Yes,"Weekend, Festival, Bad Weather"
Fatehpur Sikri,Thursday,12,09:00,Yes,Cold,Navratri,3793,Normal Day,No,"Holiday, Festival, Bad Weather"
Khajuraho Temples,Thursday,11,17:00,Yes,Sunny,Christmas,5925,Rush Day,No,"Holiday, Festival, Good Weather"
"Bara Imambara, Lucknow",Friday,12,11:00,No,Rainy,Eid,5129,Rush Day,No,"Festival, Bad Weather"
"Golconda Fort, Hyderabad",Tuesday,1,14:00,No,Cloudy,Pongal,3889,Normal Day,No,Festival
"Mehrangarh Fort, Jodhpur",Monday,10,19:00,Yes,Rainy,Diwali,5094,Rush Day,No,"Holiday, Festival, Bad Weather"
"City Palace, Udaipur",Sunday,11,14:00,Yes,Sunny,Diwali,8740,Rush Day,Yes,"Weekend, Holiday, Festival, Good Weather"
"Kamakhya Temple, Guwahati",Friday,5,10:00,Yes,Rainy,Navratri,5159,Rush Day,No,"Holiday, Festival, Bad Weather"
"Amer Fort, Jaipur",Thursday,3,08:00,Yes,Sunny,Holi,6932,Rush Day,No,"Holiday, Festival, Good Weather"
"Brihadisvara Temple, Thanjavur",Wednesday,10,11:00,Yes,Hot,Navratri,7103,Rush Day,No,"Holiday, Festival"
"Bara Imambara, Lucknow",Thursday,2,17:00,Yes,Rainy,Diwali,4151,Rush Day,No,"Holiday, Festival, Bad Weather"
"Mahabodhi Temple, Bodh Gaya",Monday,10,19:00,No,Cold,Eid,4094,Rush Day,No,"Festival, Bad Weather"
"Gateway of India, Mumbai",Friday,7,09:00,No,Cloudy,None,1913,Normal Day,No,None
Mysore Palace,Saturday,2,13:00,No,Sunny,Holi,7496,Rush Day,Yes,"Weekend, Festival, Good Weather"
Ajanta & Ellora Caves,Saturday,3,14:00,Yes,Rainy,Diwali,5825,Rush Day,Yes,"Weekend, Holiday, Festival, Bad Weather"
Fatehpur Sikri,Friday,10,09:00,No,Rainy,Navratri,2712,Normal Day,No,"Festival, Bad Weather"
Agra Fort,Thursday,11,11:00,Yes,Hot,Holi,6827,Rush Day,No,"Holiday, Festival"
Gwalior Fort,Friday,12,19:00,No,Cloudy,Christmas,4542,Rush Day,No,Festival
"Hawa Mahal, Jaipur",Saturday,5,12:00,No,Sunny,Eid,6772,Rush Day,Yes,"Weekend, Festival, Good Weather"
"Dilwara Temples, Mount Abu",Friday,2,14:00,Yes,Sunny,Holi,5049,Rush Day,No,"Holiday, Festival, Good Weather"
"Kamakhya Temple, Guwahati",Sunday,5,10:00,No,Cloudy,Eid,5245,Rush Day,Yes,"Weekend, Festival"
"Dilwara Temples, Mount Abu",Saturday,9,12:00,No,Rainy,Christmas,6303,Rush Day,Yes,"Weekend, Festival, Bad Weather"
"Charminar, Hyderabad",Wednesday,11,11:00,Yes,Rainy,Pongal,6803,Rush Day,No,"Holiday, Festival, Bad Weather"
"City Palace, Udaipur",Sunday,5,08:00,Yes,Rainy,Navratri,6521,Rush Day,Yes,"Weekend, Holiday, Festival, Bad Weather"
"Taj Mahal, Agra",Friday,5,15:00,No,Rainy,Navratri,4191,Rush Day,No,"Festival, Bad Weather"
"City Palace, Udaipur",Saturday,7,18:00,No,Sunny,Eid,6032,Rush Day,Yes,"Weekend, Festival, Good Weather"
"Qutub Minar, Delhi",Tuesday,1,09:00,Yes,Cold,Christmas,5625,Rush Day,No,"Holiday, Festival, Bad Weather"
Elephanta Caves,Thursday,3,09:00,No,Cloudy,Eid,5718,Rush Day,No,Festival
"Hampi, Karnataka",Saturday,7,09:00,Yes,Hot,None,4782,Rush Day,Yes,"Weekend, Holiday"
Mysore Palace,Sunday,11,16:00,No,Sunny,Navratri,5631,Rush Day,Yes,"Weekend, Festival, Good Weather"
"Kashi Vishwanath Temple, Varanasi",Monday,4,14:00,Yes,Cold,Pongal,7321,Rush Day,No,"Holiday, Festival, Bad Weather"
"Golconda Fort, Hyderabad",Saturday,10,12:00,Yes,Hot,Diwali,7434,Rush Day,Yes,"Weekend, Holiday, Festival"
"Victoria Memorial, Kolkata",Saturday,9,20:00,No,Hot,Christmas,8359,Rush Day,Yes,"Weekend, Festival"
Mysore Palace,Tuesday,12,17:00,Yes,Cold,Eid,4776,Rush Day,No,"Holiday, Festival, Bad Weather"
"Sun Temple, Konark",Wednesday,1,11:00,Yes,Hot,None,3300,Normal Day,No,Holiday
"Golconda Fort, Hyderabad",Thursday,8,11:00,Yes,Sunny,Holi,4987,Rush Day,No,"Holiday, Festival, Good Weather"
Fatehpur Sikri,Sunday,1,17:00,Yes,Cold,None,4957,Rush Day,Yes,"Weekend, Holiday, Bad Weather"
"Mehrangarh Fort, Jodhpur",Sunday,2,18:00,No,Hot,Christmas,8856,Rush Day,Yes,"Weekend, Festival"
"Golconda Fort, Hyderabad",Wednesday,7,12:00,Yes,Sunny,Pongal,7804,Rush Day,No,"Holiday, Festival, Good Weather"
"Charminar, Hyderabad",Monday,9,19:00,Yes,Rainy,Holi,4495,Rush Day,No,"Holiday, Festival, Bad Weather"
"Dilwara Temples, Mount Abu",Wednesday,3,16:00,Yes,Rainy,Pongal,4397,Rush Day,No,"Holiday, Festival, Bad Weather"
"Victoria Memorial, Kolkata",Tuesday,11,16:00,Yes,Hot,Pongal,5501,Rush Day,No,"Holiday, Festival"
"Golconda Fort, Hyderabad",Monday,10,11:00,No,Cloudy,Holi,5360,Rush Day,No,Festival
"Hampi, Karnataka",Saturday,3,14:00,Yes,Cold,Pongal,8805,Rush Day,Yes,"Weekend, Holiday, Festival, Bad Weather"
"Amer Fort, Jaipur",Friday,11,10:00,Yes,Cold,None,1361,Normal Day,No,"Holiday, Bad Weather"
"Golconda Fort, Hyderabad",Saturday,7,16:00,Yes,Hot,Diwali,8221,Rush Day,Yes,"Weekend, Holiday, Festival"
"Qutub Minar, Delhi",Sunday,4,10:00,No,Rainy,Christmas,5556,Rush Day,Yes,"Weekend, Festival, Bad Weather"
"Golden Temple, Amritsar",Monday,12,17:00,Yes,Rainy,Diwali,5544,Rush Day,No,"Holiday, Festival, Bad Weather"
"Brihadisvara Temple, Thanjavur",Tuesday,2,09:00,Yes,Rainy,Eid,5026,Rush Day,No,"Holiday, Festival, Bad Weather"
Fatehpur Sikri,Wednesday,6,19:00,No,Cloudy,None,1475,Normal Day,No,None
"Kamakhya Temple, Guwahati",Thursday,9,14:00,Yes,Sunny,Holi,6818,Rush Day,No,"Holiday, Festival, Good Weather"
Mysore Palace,Sunday,2,16:00,No,Cold,None,3059,Normal Day,Yes,"Weekend, Bad Weather"
"Kamakhya Temple, Guwahati",Thursday,1,20:00,No,Cloudy,None,1544,Normal Day,No,None
Agra Fort,Saturday,3,13:00,Yes,Cold,Navratri,10065,Rush Day,Yes,"Weekend, Holiday, Festival, Bad Weather"
Fatehpur Sikri,Thursday,10,18:00,No,Rainy,Holi,5953,Rush Day,No,"Festival, Bad Weather"
Agra Fort,Friday,3,17:00,No,Hot,None,1662,Normal Day,No,None
"Basilica of Bom Jesu, Goa",Sunday,9,08:00,Yes,Rainy,Diwali,5405,Rush Day,Yes,"Weekend, Holiday, Festival, Bad Weather"
Gwalior Fort,Tuesday,6,12:00,No,Cold,Navratri,4664,Rush Day,No,"Festival, Bad Weather"
"Red Fort, Delhi",Wednesday,5,14:00,No,Sunny,None,2880,Normal Day,No,Good Weather
Ajanta & Ellora Caves,Monday,9,12:00,No,Hot,None,1820,Normal Day,No,None
"Mahabodhi Temple, Bodh Gaya",Tuesday,11,16:00,No,Hot,Pongal,3976,Normal Day,No,Festival
"Gateway of India, Mumbai",Thursday,2,09:00,Yes,Cloudy,Diwali,6610,Rush Day,No,"Holiday, Festival"
"Red Fort, Delhi",Saturday,6,13:00,No,Cold,Holi,3628,Normal Day,Yes,"Weekend, Festival, Bad Weather"
Ajanta & Ellora Caves,Friday,9,13:00,No,Cloudy,Eid,3806,Normal Day,No,Festival
"Taj Mahal, Agra",Friday,10,16:00,Yes,Sunny,Diwali,5817,Rush Day,No,"Holiday, Festival, Good Weather"
"Qutub Minar, Delhi",Wednesday,2,14:00,Yes,Rainy,None,1943,Normal Day,No,"Holiday, Bad Weather"
"Hampi, Karnataka",Monday,2,18:00,Yes,Sunny,Diwali,5658,Rush Day,No,"Holiday, Festival, Good Weather"
Ajanta & Ellora Caves,Thursday,5,20:00,No,Sunny,Christmas,4717,Rush Day,No,"Festival, Good Weather"
"City Palace, Udaipur",Tuesday,2,13:00,No,Rainy,Diwali,3778,Normal Day,No,"Festival, Bad Weather"
Mysore Palace,Thursday,12,13:00,Yes,Hot,Navratri,5948,Rush Day,No,"Holiday, Festival"
Gwalior Fort,Tuesday,2,20:00,No,Rainy,Christmas,4253,Rush Day,No,"Festival, Bad Weather"
"Mahabodhi Temple, Bodh Gaya",Friday,7,16:00,Yes,Cloudy,None,3642,Normal Day,No,Holiday
"Rashtrapati Bhawan, Delhi",Saturday,6,10:00,No,Sunny,Navratri,6238,Rush Day,Yes,"Weekend, Festival, Good Weather"
Jaisalmer Fort,Tuesday,5,11:00,No,Cold,Holi,3987,Normal Day,No,"Festival, Bad Weather"
"Charminar, Hyderabad",Saturday,4,20:00,No,Hot,Navratri,6693,Rush Day,Yes,"Weekend, Festival"
Agra Fort,Tuesday,4,17:00,No,Rainy,Diwali,2686,Normal Day,No,"Festival, Bad Weather"
Ajanta & Ellora Caves,Friday,5,09:00,Yes,Hot,Holi,4448,Rush Day,No,"Holiday, Festival"
"Basilica of Bom Jesu, Goa",Tuesday,11,16:00,No,Cloudy,Christmas,3232,Normal Day,No,Festival
Gwalior Fort,Wednesday,10,12:00,Yes,Hot,Pongal,4813,Rush Day,No,"Holiday, Festival"
Mysore Palace,Thursday,6,10:00,Yes,Hot,Eid,4481,Rush Day,No,"Holiday, Festival"
"Rashtrapati Bhawan, Delhi",Thursday,12,11:00,No,Sunny,Holi,5321,Rush Day,No,"Festival, Good Weather"
"Golden Temple, Amritsar",Saturday,9,09:00,Yes,Sunny,Pongal,8903,Rush Day,Yes,"Weekend, Holiday, Festival, Good Weather"
"Golden Temple, Amritsar",Friday,11,20:00,No,Hot,Navratri,4061,Rush Day,No,Festival
"Sun Temple, Konark",Sunday,9,12:00,No,Rainy,Holi,6346,Rush Day,Yes,"Weekend, Festival, Bad Weather"
"Sun Temple, Konark",Sunday,7,12:00,No,Cold,Navratri,4864,Rush Day,Yes,"Weekend, Festival, Bad Weather"
Sanchi Stupa,Wednesday,4,20:00,No,Sunny,Pongal,3932,Normal Day,No,"Festival, Good Weather"
"Golconda Fort, Hyderabad",Saturday,5,20:00,Yes,Cloudy,Navratri,6939,Rush Day,Yes,"Weekend, Holiday, Festival"
"Jantar Mantar, Jaipur",Saturday,9,14:00,Yes,Cloudy,Pongal,7729,Rush Day,Yes,"Weekend, Holiday, Festival"
Sanchi Stupa,Monday,12,16:00,Yes,Cold,Pongal,5014,Rush Day,No,"Holiday, Festival, Bad Weather"
"Meenakshi Temple, Madurai",Tuesday,1,09:00,No,Hot,Christmas,4096,Rush Day,No,Festival
"Jantar Mantar, Jaipur",Wednesday,5,11:00,Yes,Sunny,Christmas,4990,Rush Day,No,"Holiday, Festival, Good Weather"
"Qutub Minar, Delhi",Friday,1,14:00,No,Cold,None,619,Normal Day,No,Bad Weather
"Meenakshi Temple, Madurai",Tuesday,3,17:00,No,Hot,Holi,5845,Rush Day,No,Festival
"Humayun's Tomb, Delhi",Monday,7,12:00,Yes,Cloudy,Diwali,5902,Rush Day,No,"Holiday, Festival"
Gwalior Fort,Monday,10,17:00,Yes,Cold,Christmas,4664,Rush Day,No,"Holiday, Festival, Bad Weather"
"Basilica of Bom Jesu, Goa",Monday,11,14:00,No,Rainy,Pongal,4206,Rush Day,No,"Festival, Bad Weather"
"Red Fort, Delhi",Thursday,9,12:00,Yes,Cloudy,Holi,8014,Rush Day,No,"Holiday, Festival"
Agra Fort,Saturday,2,11:00,Yes,Rainy,Eid,7259,Rush Day,Yes,"Weekend, Holiday, Festival, Bad Weather"
"Hawa Mahal, Jaipur",Thursday,7,17:00,No,Cloudy,Holi,4407,Rush Day,No,Festival
"City Palace, Udaipur",Thursday,3,19:00,Yes,Sunny,Pongal,3467,Normal Day,No,"Holiday, Festival, Good Weather"
"Hawa Mahal, Jaipur",Tuesday,4,18:00,No,Hot,Eid,5668,Rush Day,No,Festival
"Brihadisvara Temple, Thanjavur",Wednesday,5,10:00,No,Rainy,Pongal,4802,Rush Day,No,"Festival, Bad Weather"
"Meenakshi Temple, Madurai",Thursday,5,10:00,No,Rainy,Pongal,3537,Normal Day,No,"Festival, Bad Weather"
"Sun Temple, Konark",Friday,12,11:00,No,Sunny,Eid,4337,Rush Day,No,"Festival, Good Weather"
Ajanta & Ellora Caves,Saturday,8,18:00,No,Hot,Diwali,6435,Rush Day,Yes,"Weekend, Festival"
"Hampi, Karnataka",Thursday,11,20:00,No,Cold,Pongal,3898,Normal Day,No,"Festival, Bad Weather"
"Dilwara Temples, Mount Abu",Monday,8,17:00,No,Hot,Diwali,5634,Rush Day,No,Festival
Fatehpur Sikri,Tuesday,11,13:00,Yes,Sunny,Eid,5375,Rush Day,No,"Holiday, Festival, Good Weather"
"India Gate, New Delhi",Saturday,8,16:00,No,Cloudy,Diwali,7983,Rush Day,Yes,"Weekend, Festival"
Khajuraho Temples,Thursday,2,09:00,Yes,Sunny,None,3179,Normal Day,No,"Holiday, Good Weather"
Fatehpur Sikri,Wednesday,6,12:00,Yes,Hot,Navratri,7004,Rush Day,No,"Holiday, Festival"
Gwalior Fort,Saturday,6,20:00,No,Hot,Holi,6251,Rush Day,Yes,"Weekend, Festival"
"Brihadisvara Temple, Thanjavur",Friday,8,19:00,Yes,Cloudy,Navratri,4948,Rush Day,No,"Holiday, Festival"
Jaisalmer Fort,Monday,4,08:00,Yes,Cold,Navratri,6402,Rush Day,No,"Holiday, Festival, Bad Weather"
"Amer Fort, Jaipur",Tuesday,2,09:00,Yes,Sunny,Christmas,7214,Rush Day,No,"Holiday, Festival, Good Weather"
"Hawa Mahal, Jaipur",Saturday,3,12:00,Yes,Hot,Holi,5556,Rush Day,Yes,"Weekend, Holiday, Festival"
"Mahabodhi Temple, Bodh Gaya",Monday,7,17:00,Yes,Rainy,Diwali,6382,Rush Day,No,"Holiday, Festival, Bad Weather"
"Hawa Mahal, Jaipur",Tuesday,6,20:00,No,Rainy,Eid,1872,Normal Day,No,"Festival, Bad Weather"
"Jantar Mantar, Jaipur",Thursday,10,13:00,No,Sunny,Pongal,4099,Rush Day,No,"Festival, Good Weather"
Fatehpur Sikri,Saturday,3,13:00,Yes,Cloudy,Eid,6678,Rush Day,Yes,"Weekend, Holiday, Festival"
"Rashtrapati Bhawan, Delhi",Saturday,4,18:00,No,Hot,Diwali,4483,Rush Day,Yes,"Weekend, Festival"
"Bara Imambara, Lucknow",Wednesday,12,10:00,No,Rainy,Navratri,4341,Rush Day,No,"Festival, Bad Weather"
"Hawa Mahal, Jaipur",Thursday,7,18:00,Yes,Sunny,Pongal,4746,Rush Day,No,"Holiday, Festival, Good Weather"
"Rashtrapati Bhawan, Delhi",Thursday,4,17:00,Yes,Rainy,None,2507,Normal Day,No,"Holiday, Bad Weather"
"Rashtrapati Bhawan, Delhi",Saturday,5,08:00,Yes,Hot,Eid,5316,Rush Day,Yes,"Weekend, Holiday, Festival"
"Mehrangarh Fort, Jodhpur",Monday,8,17:00,Yes,Sunny,Pongal,5983,Rush Day,No,"Holiday, Festival, Good Weather"
"Golconda Fort, Hyderabad",Saturday,6,10:00,No,Rainy,Eid,3358,Normal Day,Yes,"Weekend, Festival, Bad Weather"
"Brihadisvara Temple, Thanjavur",Friday,6,13:00,Yes,Cloudy,Christmas,5820,Rush Day,No,"Holiday, Festival"
"Dilwara Temples, Mount Abu",Sunday,12,10:00,Yes,Cold,Navratri,6300,Rush Day,Yes,"Weekend, Holiday, Festival, Bad Weather"
"Gateway of India, Mumbai",Thursday,11,15:00,Yes,Sunny,Diwali,4835,Rush Day,No,"Holiday, Festival, Good Weather"
"Golden Temple, Amritsar",Saturday,1,15:00,Yes,Rainy,None,5496,Rush Day,Yes,"Weekend, Holiday, Bad Weather"
Agra Fort,Monday,11,20:00,Yes,Sunny,Holi,5497,Rush Day,No,"Holiday, Festival, Good Weather"
Elephanta Caves,Monday,7,20:00,No,Hot,Navratri,4964,Rush Day,No,Festival
"Meenakshi Temple, Madurai",Tuesday,3,12:00,No,Hot,None,2985,Normal Day,No,None
"Amer Fort, Jaipur",Tuesday,10,11:00,No,Cloudy,Christmas,4337,Rush Day,No,Festival
"Dilwara Temples, Mount Abu",Sunday,8,20:00,Yes,Rainy,Pongal,7999,Rush Day,Yes,"Weekend, Holiday, Festival, Bad Weather"
"Hampi, Karnataka",Tuesday,2,18:00,No,Hot,Navratri,5428,Rush Day,No,Festival
Jaisalmer Fort,Thursday,4,16:00,No,Hot,Eid,4307,Rush Day,No,Festival
Elephanta Caves,Thursday,12,11:00,Yes,Sunny,Eid,4871,Rush Day,No,"Holiday, Festival, Good Weather"
Sanchi Stupa,Thursday,4,12:00,Yes,Sunny,Pongal,5769,Rush Day,No,"Holiday, Festival, Good Weather"
Fatehpur Sikri,Saturday,3,19:00,Yes,Hot,Navratri,7323,Rush Day,Yes,"Weekend, Holiday, Festival"
"India Gate, New Delhi",Saturday,11,17:00,Yes,Sunny,Diwali,8500,Rush Day,Yes,"Weekend, Holiday, Festival, Good Weather"
"Golconda Fort, Hyderabad",Saturday,2,11:00,Yes,Rainy,Pongal,6851,Rush Day,Yes,"Weekend, Holiday, Festival, Bad Weather"
Elephanta Caves,Monday,3,13:00,No,Rainy,Diwali,3236,Normal Day,No,"Festival, Bad Weather"
"Taj Mahal, Agra",Saturday,1,20:00,Yes,Rainy,Diwali,4954,Rush Day,Yes,"Weekend, Holiday, Festival, Bad Weather"
Agra Fort,Tuesday,12,17:00,No,Cold,Eid,4332,Rush Day,No,"Festival, Bad Weather"
Ajanta & Ellora Caves,Thursday,9,20:00,No,Cloudy,None,1682,Normal Day,No,None
"Hawa Mahal, Jaipur",Sunday,11,08:00,No,Cloudy,None,4122,Rush Day,Yes,Weekend
"India Gate, New Delhi",Friday,6,09:00,Yes,Cloudy,None,2543,Normal Day,No,Holiday
"Golden Temple, Amritsar",Sunday,11,09:00,No,Cloudy,Holi,5094,Rush Day,Yes,"Weekend, Festival"
"Lotus Temple, Delhi",Sunday,5,17:00,Yes,Hot,None,4970,Rush Day,Yes,"Weekend, Holiday"
"Hampi, Karnataka",Tuesday,12,09:00,Yes,Hot,Eid,6685,Rush Day,No,"Holiday, Festival"
"Taj Mahal, Agra",Thursday,7,15:00,Yes,Rainy,Diwali,5062,Rush Day,No,"Holiday, Festival, Bad Weather"
Sanchi Stupa,Saturday,10,13:00,Yes,Rainy,Holi,4176,Rush Day,Yes,"Weekend, Holiday, Festival, Bad Weather"
"Humayun's Tomb, Delhi",Friday,8,15:00,No,Rainy,Diwali,4473,Rush Day,No,"Festival, Bad Weather"
"Bara Imambara, Lucknow",Tuesday,9,11:00,Yes,Sunny,Holi,6750,Rush Day,No,"Holiday, Festival, Good Weather"
Ajanta & Ellora Caves,Thursday,12,15:00,Yes,Sunny,Diwali,5517,Rush Day,No,"Holiday, Festival, Good Weather"
"Qutub Minar, Delhi",Thursday,12,08:00,No,Cloudy,Christmas,3441,Normal Day,No,Festival
Jaisalmer Fort,Wednesday,5,11:00,Yes,Sunny,Pongal,6786,Rush Day,No,"Holiday, Festival, Good Weather"
"Rashtrapati Bhawan, Delhi",Sunday,11,16:00,No,Cloudy,Eid,5991,Rush Day,Yes,"Weekend, Festival"
Elephanta Caves,Friday,12,16:00,No,Hot,None,2754,Normal Day,No,None
"Amer Fort, Jaipur",Tuesday,10,18:00,No,Hot,Eid,4169,Rush Day,No,Festival
"Humayun's Tomb, Delhi",Thursday,4,18:00,Yes,Rainy,Holi,4842,Rush Day,No,"Holiday, Festival, Bad Weather"
"Golden Temple, Amritsar",Friday,7,16:00,Yes,Cloudy,Eid,4879,Rush Day,No,"Holiday, Festival"
"India Gate, New Delhi",Sunday,8,09:00,No,Cloudy,Pongal,6416,Rush Day,Yes,"Weekend, Festival"
Khajuraho Temples,Friday,9,13:00,No,Cold,Eid,3851,Normal Day,No,"Festival, Bad Weather"
"Mahabodhi Temple, Bodh Gaya",Wednesday,1,14:00,Yes,Sunny,Navratri,5585,Rush Day,No,"Holiday, Festival, Good Weather"
Sanchi Stupa,Monday,1,19:00,No,Cold,None,1550,Normal Day,No,Bad Weather
"Kamakhya Temple, Guwahati",Sunday,5,13:00,No,Cloudy,Holi,5340,Rush Day,Yes,"Weekend, Festival"
"Brihadisvara Temple, Thanjavur",Monday,8,17:00,No,Cold,Navratri,4613,Rush Day,No,"Festival, Bad Weather"
"Meenakshi Temple, Madurai",Saturday,8,13:00,No,Sunny,Pongal,4398,Rush Day,Yes,"Weekend, Festival, Good Weather"
"Bara Imambara, Lucknow",Saturday,7,15:00,No,Cold,Diwali,7673,Rush Day,Yes,"Weekend, Festival, Bad Weather"
"Kamakhya Temple, Guwahati",Tuesday,4,15:00,No,Sunny,Eid,4197,Rush Day,No,"Festival, Good Weather"
"Lotus Temple, Delhi",Saturday,1,19:00,No,Hot,Diwali,5444,Rush Day,Yes,"Weekend, Festival"
